id,handle,time,status,changed,url
622,JP_STKNS@yahoo.com,2014-07-09 04:29:29 UTC,200,[],http://ichart.finance.yahoo.com/table.csv?s=^N225&a=00&b=4&c=1984&d=11&e=31&f=2050&g=m&ignore=.csv
623,IP@meti.go.jp,2014-07-09 03:37:47 UTC,200,[],http://www.meti.go.jp/english/statistics/tyo/iip/xls/b2010_gsm1e.xls
624,2011@hiwi.org,2014-07-09 01:29:09 UTC,200,[],https://www.hiwi.org/admin/gsipub/htmlarea/uploads/LFR_CES_JC2011.xls
626,2010@hiwi.org,2014-07-09 01:29:08 UTC,200,[],https://www.hiwi.org/admin/gsipub/htmlarea/uploads/LFR_CES_JC2010.xls
627,2009@hiwi.org,2014-07-09 01:29:06 UTC,200,[],https://www.hiwi.org/admin/gsipub/htmlarea/uploads/LFR_CES_JC2009.xls
628,CA_YP@bea.gov,2014-07-09 07:18:28 UTC,200,[],http://www.bea.gov/iTable/download.cfm?ext=csv&fid=A962332E76E27AE32A15D60641DD2D4FB5A55D55FE2F887EFB585C85161CBEAE52CF3CA9694D54119CC87A87A107C3B4B3F0BFCD8EB323B2F0AEF4B4DAAED445
629,US_RILGFCY10_M@research.stlouisfed.org,2014-07-09 04:22:46 UTC,200,[],http://research.stlouisfed.org/fred2/series/GS10/downloaddata/GS10.txt
630,US_RMORT_M@research.stlouisfed.org,2014-07-09 03:25:32 UTC,200,[],http://research.stlouisfed.org/fred2/series/MORTG/downloaddata/MORTG.txt
631,US_PCE_M@research.stlouisfed.org,2014-07-09 04:03:36 UTC,200,[],http://research.stlouisfed.org/fred2/series/PCEPI/downloaddata/PCEPI.txt
632,US_HOUST_M@research.stlouisfed.org,2014-07-09 03:25:52 UTC,200,[],http://research.stlouisfed.org/fred2/series/HOUST/downloaddata/HOUST.txt
633,US_UMCSENT_M@research.stlouisfed.org,2014-07-09 05:23:50 UTC,200,[],http://research.stlouisfed.org/fred2/series/UMCSENT/downloaddata/UMCSENT.txt
634,US_POIL_M@research.stlouisfed.org,2014-07-09 04:11:35 UTC,200,[],http://research.stlouisfed.org/fred2/series/OILPRICE/downloaddata/OILPRICE.txt
635,US_CAPUMN_Q@research.stlouisfed.org,2014-07-09 01:27:18 UTC,200,[],http://research.stlouisfed.org/fred2/series/CUMFN/downloaddata/CUMFN.txt
636,US_CAPU_M@research.stlouisfed.org,2014-07-09 01:27:13 UTC,200,[],http://research.stlouisfed.org/fred2/series/TCU/downloaddata/TCU.txt
637,US_IP_M@research.stlouisfed.org,2014-07-09 03:37:24 UTC,200,[],http://research.stlouisfed.org/fred2/series/INDPRO/downloaddata/INDPRO.txt
641,US_RAAANS_M@research.stlouisfed.org,2014-07-09 04:22:24 UTC,200,[],http://research.stlouisfed.org/fred2/series/AAA/downloaddata/AAA.txt
642,US_RFED_M@research.stlouisfed.org,2014-07-09 04:22:38 UTC,200,[],http://research.stlouisfed.org/fred2/series/FEDFUNDS/downloaddata/FEDFUNDS.txt
643,US_PCECORE_M@research.stlouisfed.org,2014-07-09 04:03:44 UTC,200,[],http://research.stlouisfed.org/fred2/series/PCEPILFE/downloaddata/PCEPILFE.txt
644,US_EXUSEU_M@research.stlouisfed.org,2014-07-09 03:06:56 UTC,200,[],http://research.stlouisfed.org/fred2/series/EXUSEU/downloaddata/EXUSEU.txt
645,TOUR_APR11@hawaiitourismauthority.org,2014-07-09 03:47:17 UTC,200,[],http://www.hawaiitourismauthority.org/default/assets/File/reports/visitor-statistics/apr11.xls
646,us_gdp@bea.gov,2014-07-09 03:22:36 UTC,200,[],http://www.bea.gov/national/xls/gdplev.xls
647,US_STKNS@yahoo.com,2014-07-09 04:29:36 UTC,200,[],http://ichart.finance.yahoo.com/table.csv?s=^GSPC&a=00&b=3&c=1950&d=10&e=3&f=2050&g=m&ignore=.csv
648,TOUR_MAR11@hawaiitourismauthority.org,2014-07-09 03:47:14 UTC,200,[],http://www.hawaiitourismauthority.org/default/assets/File/research/monthly-visitors/Mar11.xls
649,CONST_PICT@census.gov,2014-07-09 04:11:03 UTC,200,[],http://www.census.gov/const/price_uc_cust.xls
650,IPNS@meti.go.jp,2014-07-09 03:37:40 UTC,200,[],http://www.meti.go.jp/english/statistics/tyo/iip/xls/b2010_gom1e.xls
651,IP_hist@meti.go.jp,2014-07-09 03:36:58 UTC,200,[],http://www.meti.go.jp/english/statistics/tyo/iip/xls/b2010_sgs1e.xls
652,UIC@hawaii.gov,2014-07-09 05:17:37 UTC,200,[],http://files.hawaii.gov/dbedt/economic/data_reports/unemployment/Weekly_UI_Claims.xls
653,tour_PC@hawaii.gov,2014-07-09 03:55:00 UTC,200,[],http://files.hawaii.gov/dbedt/economic/data_reports/special/daily-pax-update.xls
654,TOUR_HIST10@hawaiitourismauthority.org,2014-07-09 03:49:20 UTC,200,[],http://www.hawaiitourismauthority.org/default/assets/File/research/historical-data/Copy of 2010-highlights revised_Jun_aug_nov 2010.xls
655,GSP@bea.gov,2014-07-09 07:42:37 UTC,200,[],http://www.bea.gov/iTable/download.cfm?ext=csv&fid=73DB84F5EA715C321091473C5BAB41121B56E3D80A9B626A5924311BE2A94DF26CF65B713C3E80BA843279F0437C2E7B77D9D1C0D87EC2A23C6651725204A43B
656,SQ5N@bea.gov,2014-07-09 06:58:25 UTC,200,[],http://www.bea.gov/iTable/download.cfm?ext=csv&fid=F1DF8D662180CC68A8A40A2025164219FFF8C60850F45E297CECACBC42542B1F017AEB6863EBDEF2637CE852B4B728D9B850FDE5196D4CE706630D642A0C37E8
657,5Q@bea.gov,2014-07-09 03:22:57 UTC,200,[],http://www.bea.gov/iTable/download.cfm?ext=csv&fid=025E3AD48AC756540444F5C63F096C0FFB599A68C1A19E47F1B3016BFA6C9DAB9126892E0B920C10324978E9E529A42E1D35DC8923D1B00F226DE2F19D5F4E83
658,5A@bea.gov,2014-07-09 03:22:55 UTC,200,[],http://www.bea.gov/iTable/download.cfm?ext=csv&fid=BA64D32AF88BBC71278D1F7FD5C8B7134B9480E7401345F7A6611F78700591B3DEE0BE418D359D31AA4A7D32D1EE3F42466A5C258C928C4655B43CEF9719D071
659,13Q@bea.gov,2014-07-09 03:22:43 UTC,200,[],http://www.bea.gov/iTable/download.cfm?ext=csv&fid=D9373F53643A8BBD5EE45D30102CA0E70BC990D4FB02786796B4E3DE13929429A1314D24212DE332DE1B30E94CD516C00BEE9FB0B4FDD04CE9EC8CC1DC84F3B9
660,13A@bea.gov,2014-07-09 03:22:41 UTC,200,[],http://www.bea.gov/iTable/download.cfm?ext=csv&fid=DD6C4FD49E30236AB9B4BE2779DF9B2D42DCB00B6057388F15EDF014CE0D34353BF5860C2B95503DF7B97E5613E6A86AC282DEA72ACE71BE2347C60BCE63ABF7
662,264Q@bea.gov,2014-07-09 03:22:49 UTC,200,[],http://www.bea.gov/iTable/download.cfm?ext=csv&fid=F40535B90C8128F0492255579CF91764FB1875BFE0A8E07AFA93F2239E4B875414CB7384B3B0269CB2210AE374426D7E188C30F6F4E2454C4EC036497134CC04
663,264A@bea.gov,2014-07-09 03:22:47 UTC,200,[],http://www.bea.gov/iTable/download.cfm?ext=csv&fid=CAE2C5E4ABEAD1DCC925D535D30A0A48E4B407CAE6A37C76B688D6E56CCB6BF78B34B837ED5294A25C904CB1BAE547BBA92F796FBDD84D6BD89C529FB51908BB
664,43Q@bea.gov,2014-07-09 03:25:17 UTC,200,[],http://www.bea.gov/iTable/download.cfm?ext=csv&fid=9ED1740461F47EB1D45E6C580300504545BC04F5D24A0018FCD3C2F254FB412851FA342FA3EA37D8B5D8EEEBCF005AD192C5DA37627AEA1D38A4A5EB9082E0A3
665,44Q@bea.gov,2014-07-09 03:25:27 UTC,200,[],http://www.bea.gov/iTable/download.cfm?ext=csv&fid=5178DAECCD8224416F5D894369B55AE7C2E47C72E389D1EC9C940C69C49CD0035FC7BB67B7578174A4C1C3B9DE62844CFFE1092B89D101B4589066601A5E39B9
666,44A@bea.gov,2014-07-09 03:25:25 UTC,200,[],http://www.bea.gov/iTable/download.cfm?ext=csv&fid=9D867D2559B83AD9A78026F03D816DB04E8D5DFF0E6808A6DE770A2A0EA3D30C998759C86256C30E5A27D2261B02E0020E2E6549943650A2C0D5E6C3A50DE3BF
667,58Q@bea.gov,2014-07-09 06:48:30 UTC,200,[],http://www.bea.gov/iTable/download.cfm?ext=csv&fid=2791947A4892E30C08F271FB6722C3E7A524D3C2D03D8BDFFB9B34236AD96C08C14ADC64CE092248495FE53B2E1A81793D795D1ADF7C800339724A19A2E0D36D
668,58A@bea.gov,2014-07-09 06:48:15 UTC,200,[],http://www.bea.gov/iTable/download.cfm?ext=csv&fid=868D3AC7D89DB6AB5CD22094402BF16D3402397A139D94612C151CAD36A8DD394546EF277EC8AD8FBF16298466405836098F7F857B1916505E81DD9506F876CB
669,66Q@bea.gov,2014-07-09 06:51:40 UTC,200,[],http://www.bea.gov/iTable/download.cfm?ext=csv&fid=2CE2A49B4982A3B7E215255AEBA18AEA1051B4DF29F66FC30F90F4EFA71F70BD1065A65989275D95D25C46958EC6FF70596F3623F004DC350A1CCAFD911AA4A8
670,66A@bea.gov,2014-07-09 06:51:29 UTC,200,[],http://www.bea.gov/iTable/download.cfm?ext=csv&fid=D1DC2608B6338DA89EDC8435EF9E516D31EAF12BEE8B0A6F924B90906841638F214E2963832AD6C52314A628F697F463A885CD725BDD608E501E2EE61145B11D
671,6Q@bea.gov,2014-07-09 03:23:05 UTC,200,[],http://www.bea.gov/iTable/download.cfm?ext=csv&fid=E3F2AB1BEA8C8868E948D331B49AFCFF16867B66900F665BFF816048FA0207296C8C18551E31C03D81F9032D41B0CFA93F72A8C9DFBB5724037BEE5FB58104BB
672,6A@bea.gov,2014-07-09 03:23:03 UTC,200,[],http://www.bea.gov/iTable/download.cfm?ext=csv&fid=2A8257F726A92B1FC07FF41722B2A8378C098024435E762B911F9384371D1867B1B10D0EA2E7E86B51C282483FAF81FE7B621A52DCA24A456D4F22312B3A0D00
673,76M@bea.gov,2014-07-09 06:48:21 UTC,200,[],http://www.bea.gov/iTable/download.cfm?ext=csv&fid=68F9B551FD64EA11E00ACCDEE836A9C593BBF921A111299304B3E65E5DAFEFA6742CF9FEBAF9F65867C712A65A9893227699FA6BEE244A69DA040ACCF97C8A05
674,83M@bea.gov,2014-07-09 06:51:34 UTC,200,[],http://www.bea.gov/iTable/download.cfm?ext=csv&fid=F3E979DB19908D320008ECBE58F0DFDAD85F24743F1A8B7DAB8988E6868BB1AEA721D6293AF7729B2D38BBD8D28593120310F528AFFDDAE0EB51B13383AACBD1
675,GDP_R_A@esri.cao.jp,2014-07-09 03:25:01 UTC,200,[],http://www.esri.cao.go.jp/jp/sna/data/data_list/sokuhou/files/2013/qe134_2/__icsFiles/afieldfile/2014/03/06/gaku-jcy1342.csv
676,GDP_R_Q@esri.cao.go.jp,2014-07-09 03:23:11 UTC,200,[],http://www.esri.cao.go.jp/jp/sna/data/data_list/sokuhou/files/2013/qe134_2/__icsFiles/afieldfile/2014/03/06/gaku-jk1342.csv
677,CONST_HI@hawaii.gov,2014-07-09 03:39:04 UTC,200,[],http://files.hawaii.gov/dbedt/economic/data_reports/mei/state.xls
678,CONST_HAW@hawaii.gov,2014-07-09 03:39:24 UTC,200,[],http://files.hawaii.gov/dbedt/economic/data_reports/mei/hawaii.xls
679,CONST_HON@hawaii.gov,2014-07-09 03:39:35 UTC,200,[],http://files.hawaii.gov/dbedt/economic/data_reports/mei/honolulu.xls
680,CONST_KAU@hawaii.gov,2014-07-09 03:39:44 UTC,200,[],http://files.hawaii.gov/dbedt/economic/data_reports/mei/kauai.xls
681,CONST_MAU@hawaii.gov,2014-07-09 03:39:52 UTC,200,[],http://files.hawaii.gov/dbedt/economic/data_reports/mei/maui.xls
682,QSER_E@hawaii.gov,2014-07-09 03:38:46 UTC,200,[],http://files.hawaii.gov/dbedt/economic/data_reports/qser/construction-tables.xls
683,QSER_G@hawaii.gov,2014-07-09 03:38:43 UTC,200,[],http://files.hawaii.gov/dbedt/economic/data_reports/qser/select-county-tables.xls
684,IPNS_hist@meti.go.jp,2014-07-09 03:36:22 UTC,200,[],http://www.meti.go.jp/english/statistics/tyo/iip/xls/b2010_sgo1e.xls
685,TOUR_FEB11@hawaiitourismauthority.org,2014-07-09 03:47:12 UTC,200,[],http://www.hawaiitourismauthority.org/default/assets/File/research/monthly-visitors/Feb11.xls
686,TOUR_MAY11@hawaiitourismauthority.org,2014-07-09 03:47:20 UTC,200,[],http://www.hawaiitourismauthority.org/default/assets/File/reports/visitor-statistics/May 2011 Table.xls
687,TOUR_JUN11@hawaiitourismauthority.org,2014-07-09 03:47:22 UTC,200,[],http://www.hawaiitourismauthority.org/default/assets/File/reports/visitor-statistics/jun11R.xls
688,TOUR_JAN11@hawaiitourismauthority.org,2014-07-09 04:23:50 UTC,200,[],http://www.hawaiitourismauthority.org/default/assets/File/research/monthly-visitors/Jan11.xls
689,CSCFNS@esri.cao.go.jp,2014-07-09 01:28:13 UTC,200,[],http://www.esri.cao.go.jp/jp/stat/shouhi/2014/201405shouhi1.xls
690,CSCF@esri.cao.go.jp,2014-07-09 01:28:15 UTC,200,[],http://www.esri.cao.go.jp/jp/stat/shouhi/2014/201405shouhi2.xls
691,TOUR_JUL11@hawaiitourismauthority.org,2014-07-09 03:47:25 UTC,200,[],http://www.hawaiitourismauthority.org/default/assets/File/research/monthly-visitors/July 2011 Table(1).xls
692,JP_POP@esa.un.org,2014-07-09 03:46:54 UTC,200,[],http://esa.un.org/wpp/Excel-Data/EXCEL_FILES/1_Population/WPP2012_POP_F01_1_TOTAL_POPULATION_BOTH_SEXES.XLS
693,tax_collec2011_01@hawaii.gov,2014-07-09 04:29:51 UTC,200,[],http://files.hawaii.gov/tax/stats/monthly/2011-01_rev3.zip
694,SEATS_SEP11@hawaiitourismauthority.org,2014-07-09 06:12:44 UTC,200,[],http://www.hawaiitourismauthority.org/default/assets/File/research/airline-capacity/Sep-Nov 2011.xls
695,SEATS_OCT11@hawaiitourismauthority.org,2014-07-09 06:12:45 UTC,200,[],http://www.hawaiitourismauthority.org/default/assets/File/research/airline-capacity/Oct-Dec 2011.xls
696,SEATS_NOV11@hawaiitourismauthority.org,2014-07-09 06:12:46 UTC,200,[],http://www.hawaiitourismauthority.org/default/assets/File/Nov 2011 - Jan 2012.xls
697,SEATS_DEC11@hawaiitourismauthority.org,2014-07-09 06:12:47 UTC,200,[],http://www.hawaiitourismauthority.org/default/assets/File/research/airline-capacity/Dec2011- Feb2012.xls
698,TOUR_AUG11@hawaiitourismauthority.org,2014-07-09 03:47:29 UTC,200,[],http://www.hawaiitourismauthority.org/default/assets/File/research/monthly-visitors/aug11.xls
699,TOUR_SEP11@hawaiitourismauthority.org,2014-07-09 03:47:31 UTC,200,[],http://www.hawaiitourismauthority.org/default/assets/File/research/monthly-visitors/Sep11.xls
700,TOUR_OCT11@hawaiitourismauthority.org,2014-07-09 03:47:35 UTC,200,[],http://www.hawaiitourismauthority.org/default/assets/File/research/monthly-visitors/oct11.xls
701,tax_collec2011_02@hawaii.gov,2014-07-09 04:29:51 UTC,200,[],http://files.hawaii.gov/tax/stats/monthly/2011-02_rev4.zip
702,tax_collec2011_04@hawaii.gov,2014-07-09 04:29:52 UTC,200,[],http://files.hawaii.gov/tax/stats/monthly/2011-04_rev2.zip
703,tax_collec2011_05@hawaii.gov,2014-07-09 04:29:52 UTC,200,[],http://files.hawaii.gov/tax/stats/monthly/2011-05_rev2.zip
704,tax_collec2011_06@hawaii.gov,2014-07-09 04:29:52 UTC,200,[],http://files.hawaii.gov/tax/stats/monthly/2011-06_rev.zip
705,tax_collec2011_07@hawaii.gov,2014-07-09 04:29:52 UTC,200,[],http://files.hawaii.gov/tax/stats/monthly/2011-07_rev.zip
706,tax_collec2011_08@hawaii.gov,2014-07-09 04:29:53 UTC,200,[],http://files.hawaii.gov/tax/stats/monthly/2011-08_rev.zip
707,tax_collec2011_09@hawaii.gov,2014-07-09 04:29:53 UTC,200,[],http://files.hawaii.gov/tax/stats/monthly/2011-09_rev2.zip
708,tax_collec2011_10@hawaii.gov,2014-07-09 04:29:53 UTC,200,[],http://files.hawaii.gov/tax/stats/monthly/2011-10_rev.zip
709,tax_collec2011_03@hawaii.gov,2014-07-09 04:29:51 UTC,200,[],http://files.hawaii.gov/tax/stats/monthly/2011-03_rev3.zip
710,tax_GE2011_03@hawaii.gov,2014-07-09 04:32:09 UTC,200,[],http://files.hawaii.gov/tax/stats/monthly/2011-03_rev3.zip
711,tax_GE2011_04@hawaii.gov,2014-07-09 04:32:09 UTC,200,[],http://files.hawaii.gov/tax/stats/monthly/2011-04_rev2.zip
712,tax_GE2011_05@hawaii.gov,2014-07-09 04:32:10 UTC,200,[],http://files.hawaii.gov/tax/stats/monthly/2011-05_rev2.zip
713,tax_GE2011_06@hawaii.gov,2014-07-09 04:32:10 UTC,200,[],http://files.hawaii.gov/tax/stats/monthly/2011-06_rev.zip
714,tax_GE2011_07@hawaii.gov,2014-07-09 04:32:10 UTC,200,[],http://files.hawaii.gov/tax/stats/monthly/2011-07_rev.zip
715,tax_GE2011_08@hawaii.gov,2014-07-09 04:32:10 UTC,200,[],http://files.hawaii.gov/tax/stats/monthly/2011-08_rev.zip
716,tax_GE2011_09@hawaii.gov,2014-07-09 04:32:10 UTC,200,[],http://files.hawaii.gov/tax/stats/monthly/2011-09_rev2.zip
717,TOUR_NOV11@hawaiitourismauthority.org,2014-07-09 03:47:38 UTC,200,[],http://www.hawaiitourismauthority.org/default/assets/File/research/monthly-visitors/Nov11 Revised.xlsx
718,SEATS_JAN12@hawaiitourismauthority.org,2014-07-09 06:12:48 UTC,200,[],http://www.hawaiitourismauthority.org/default/assets/File/research/airline-capacity/Jan-Mar 2012.xls
719,TOUR_HIST09@hawaiitourismauthority.org,2014-07-09 04:12:15 UTC,200,[],http://www.hawaiitourismauthority.org/default/assets/File/research/historical-data/2009-highlights.xls
720,TOUR_HIST08@hawaiitourismauthority.org,2014-07-09 04:12:14 UTC,200,[],http://www.hawaiitourismauthority.org/default/assets/File/research/historical-data/2008-highlights.xls
721,TOUR_HIST07@hawaiitourismauthority.org,2014-07-09 04:12:12 UTC,200,[],http://www.hawaiitourismauthority.org/default/assets/File/research/historical-data/2007-highlights.xls
722,tax_GE2011_10@hawaii.gov,2014-07-09 04:32:11 UTC,200,[],http://files.hawaii.gov/tax/stats/monthly/2011-10_rev.zip
723,TOUR_DEC11@hawaiitourismauthority.org,2014-07-09 03:47:42 UTC,200,[],http://www.hawaiitourismauthority.org/default/assets/File/research/monthly-visitors/Dec 2011.xlsx
724,SEATS_FEB12@hawaiitourismauthority.org,2014-07-09 06:12:49 UTC,200,[],http://www.hawaiitourismauthority.org/default/assets/File/research/airline-capacity/Feb_Apr 2012.xls
725,TOUR_JAN12@hawaiitourismauthority.org,2014-07-09 03:47:47 UTC,200,[],http://www.hawaiitourismauthority.org/default/assets/File/research/monthly-visitors/Jan_2012.xlsx
726,tax_collec2011_12@hawaii.gov,2014-07-09 04:29:54 UTC,200,[],http://files.hawaii.gov/tax/stats/monthly/2011-12.zip
727,tax_collec2011_11@hawaii.gov,2014-07-09 04:29:53 UTC,200,[],http://files.hawaii.gov/tax/stats/monthly/2011-11_rev.zip
728,tax_GE2011_11@hawaii.gov,2014-07-09 04:32:12 UTC,200,[],http://files.hawaii.gov/tax/stats/monthly/2011-11_rev.zip
729,SEATS_MAR12@hawaiitourismauthority.org,2014-07-09 06:12:50 UTC,200,[],http://www.hawaiitourismauthority.org/default/assets/File/research/airline-capacity/Mar-May 2012.xls
730,2012@hiwi.org,2014-07-09 01:29:10 UTC,200,[],https://www.hiwi.org/admin/gsipub/htmlarea/uploads/LFR_CES_JC2012.xls
731,LF@hiwi.org,2014-07-09 02:28:17 UTC,200,[],https://www.hiwi.org/admin/gsipub/htmlarea/uploads/LFR_LAUS_LF.xls
732,SEATS_APR12@hawaiitourismauthority.org,2014-07-09 06:12:51 UTC,200,[],http://www.hawaiitourismauthority.org/default/assets/File/research/airline-capacity/Apr-Jun 2012.xls
733,TOUR_FEB12@hawaiitourismauthority.org,2014-07-09 03:47:51 UTC,200,[],http://www.hawaiitourismauthority.org/default/assets/File/reports/visitor-statistics/February 2012(1).xlsx
734,tax_GE2011_12@hawaii.gov,2014-07-09 04:32:12 UTC,200,[],http://files.hawaii.gov/tax/stats/monthly/2011-12.zip
735,tax_collec2012_01@hawaii.gov,2014-07-09 04:29:54 UTC,200,[],http://files.hawaii.gov/tax/stats/monthly/2012-01.zip
736,tax_GE2012_01@hawaii.gov,2014-07-09 04:32:12 UTC,200,[],http://files.hawaii.gov/tax/stats/monthly/2012-01.zip
737,tax_collec2012_02@hawaii.gov,2014-07-09 04:29:54 UTC,200,[],http://files.hawaii.gov/tax/stats/monthly/2012-02.zip
738,TOUR_MAR12@hawaiitourismauthority.org,2014-07-09 03:47:55 UTC,200,[],http://www.hawaiitourismauthority.org/default/assets/File/research/monthly-visitors/March 2012.xlsx
739,SEATS_MAY12@hawaiitourismauthority.org,2014-07-09 06:12:52 UTC,200,[],http://www.hawaiitourismauthority.org/default/assets/File/research/airline-capacity/May - Jul 2012.xls
740,TOUR_APR12@hawaiitourismauthority.org,2014-07-09 03:47:58 UTC,200,[],http://www.hawaiitourismauthority.org/default/assets/File/research/monthly-visitors/April 2012rev.xlsx
741,SEATS_JUN12@hawaiitourismauthority.org,2014-07-09 06:12:53 UTC,200,[],http://www.hawaiitourismauthority.org/default/assets/File/research/airline-capacity/Jun - Aug 2012.xls
742,tax_GE2012_02@hawaii.gov,2014-07-09 04:32:12 UTC,200,[],http://files.hawaii.gov/tax/stats/monthly/2012-02.zip
743,tax_collec2012_03@hawaii.gov,2014-07-09 04:29:54 UTC,200,[],http://files.hawaii.gov/tax/stats/monthly/2012-03.zip
744,TOUR_MAY12@hawaiitourismauthority.org,2014-07-09 03:48:02 UTC,200,[],http://www.hawaiitourismauthority.org/default/assets/File/research/monthly-visitors/May 2012.xlsx
745,tax_GE2012_03@hawaii.gov,2014-07-09 04:32:12 UTC,200,[],http://files.hawaii.gov/tax/stats/monthly/2012-03.zip
746,tax_collec2012_04@hawaii.gov,2014-07-09 04:29:55 UTC,200,[],http://files.hawaii.gov/tax/stats/monthly/2012-04.zip
747,SEATS_JUL12@hawaiitourismauthority.org,2014-07-09 06:12:54 UTC,200,[],http://www.hawaiitourismauthority.org/default/assets/File/research/airline-capacity/Jul - Sep 2012.xls
748,TOUR_JUN12@hawaiitourismauthority.org,2014-07-09 03:48:05 UTC,200,[],http://www.hawaiitourismauthority.org/default/assets/File/research/monthly-visitors/Jun12.xls
749,tax_collec2012_05@hawaii.gov,2014-07-09 04:29:55 UTC,200,[],http://files.hawaii.gov/tax/stats/monthly/2012-05.zip
750,SEATS_AUG12@hawaiitourismauthority.org,2014-07-09 06:12:55 UTC,200,[],http://www.hawaiitourismauthority.org/default/assets/File/research/airline-capacity/Aug-Oct 2012.xls
751,TOUR_HIST11@hawaiitourismauthority.org,2014-07-09 03:49:24 UTC,200,[],http://www.hawaiitourismauthority.org/default/assets/File/research/historical-data/2011 Monthly Final Highlights Revised.xls
752,R@www.stat-search.boj.or.jp,2014-07-09 04:22:21 UTC,404,[],http://www.stat-search.boj.or.jp/ssi/html/nme_R031.20696.20121215052258.01.csv
753,43A@bea.gov,2014-07-09 03:25:15 UTC,200,[],http://www.bea.gov/iTable/download.cfm?ext=csv&fid=B1C304F727B52B27F644659992500F2AFF5E5F051600872E83DC5CE4FD31EE4E06601894FC22E6574BE755DA380FD863F2F9B24D3A58070F52FF12E5816D91A7
754,TOUR_JUL12@hawaiitourismauthority.org,2014-07-09 03:48:09 UTC,200,[],http://www.hawaiitourismauthority.org/default/assets/File/research/monthly-visitors/Jul12.xls
755,tax_GE2012_04@hawaii.gov,2014-07-09 04:32:12 UTC,200,[],http://files.hawaii.gov/tax/stats/monthly/2012-04.zip
756,SEATS_SEP12@hawaiitourismauthority.org,2014-07-09 06:12:56 UTC,200,[],http://www.hawaiitourismauthority.org/default/assets/File/research/airline-capacity/Sep-Nov 2012.xls
757,SA04@bea.gov,2014-07-09 03:22:30 UTC,200,[],http://www.bea.gov/iTable/download.cfm?ext=csv&fid=04DC60C091C38D97C7C3C3CFC665EB4B0F12153B0F8B951CDAD0401858D501B4B09D5FE5E42A32D2406B56A08284137F862937012960DBA2307A58F625A3E2B2
758,TOUR_AUG12@hawaiitourismauthority.org,2014-07-09 03:48:12 UTC,200,[],http://www.hawaiitourismauthority.org/default/assets/File/research/monthly-visitors/aug12.xls
759,SEATS_OCT12@hawaiitourismauthority.org,2014-07-09 06:12:57 UTC,200,[],http://www.hawaiitourismauthority.org/default/assets/File/research/airline-capacity/Oct-Dec 2012.xls
760,tax_GE2012_05@hawaii.gov,2014-07-09 04:32:13 UTC,200,[],http://files.hawaii.gov/tax/stats/monthly/2012-05.zip
761,tax_GE2012_06@hawaii.gov,2014-07-09 04:32:13 UTC,200,[],http://files.hawaii.gov/tax/stats/monthly/2012-06.zip
762,tax_collec2012_06@hawaii.gov,2014-07-09 04:29:55 UTC,200,[],http://files.hawaii.gov/tax/stats/monthly/2012-06.zip
763,tax_collec2012_07@hawaii.gov,2014-07-09 04:29:55 UTC,200,[],http://files.hawaii.gov/tax/stats/monthly/2012-07_rev.zip
764,TOUR_SEP12@hawaiitourismauthority.org,2014-07-09 03:48:15 UTC,200,[],http://www.hawaiitourismauthority.org/default/assets/File/research/monthly-visitors/Sep12.xls
765,SEATS_NOV12@hawaiitourismauthority.org,2014-07-09 06:12:58 UTC,200,[],http://www.hawaiitourismauthority.org/default/assets/File/research/airline-capacity/Nov 2012-Jan 2013.xls
766,STEO@eia.gov,2014-07-09 04:11:54 UTC,200,[],http://www.eia.gov/forecasts/steo/xls/STEO_m.xlsx
767,LTEO_B@eia.gov,2014-07-09 04:11:45 UTC,200,[],http://www.eia.gov/forecasts/aeo/er/excel/aeotab_1.xlsx
768,CPI10@e-stat.go.jp,2014-07-09 01:27:32 UTC,200,[],http://www.e-stat.go.jp/SG1/estat/Csvdl.do?sinfid=000011288575
769,TOUR_OCT12@hawaiitourismauthority.org,2014-07-09 03:48:18 UTC,200,[],http://www.hawaiitourismauthority.org/default/assets/File/research/monthly-visitors/Oct12.xls
770,SEATS_DEC12@hawaiitourismauthority.org,2014-07-09 06:12:59 UTC,200,[],http://www.hawaiitourismauthority.org/default/assets/File/research/airline-capacity/Dec 2012-Feb 2013.xls
771,tax_GE2012_07@hawaii.gov,2014-07-09 04:32:13 UTC,200,[],http://files.hawaii.gov/tax/stats/monthly/2012-07_rev.zip
772,tax_collec2012_08@hawaii.gov,2014-07-09 04:29:55 UTC,200,[],http://files.hawaii.gov/tax/stats/monthly/2012-08_rev.zip
773,TOUR_NOV12@hawaiitourismauthority.org,2014-07-09 03:48:20 UTC,200,[],http://www.hawaiitourismauthority.org/default/assets/File/research/monthly-visitors/nov12.xls
774,tax_GE2012_08@hawaii.gov,2014-07-09 04:32:13 UTC,200,[],http://files.hawaii.gov/tax/stats/monthly/2012-08_rev.zip
775,tax_GE2012_09@hawaii.gov,2014-07-09 04:32:14 UTC,200,[],http://files.hawaii.gov/tax/stats/monthly/2012-09_rev.zip
776,tax_collec2012_09@hawaii.gov,2014-07-09 04:29:56 UTC,200,[],http://files.hawaii.gov/tax/stats/monthly/2012-09_rev.zip
777,SEATS_JAN13@hawaiitourismauthority.org,2014-07-09 06:13:00 UTC,200,[],http://www.hawaiitourismauthority.org/default/assets/File/research/airline-capacity/Jan-Mar 2013(3).xls
778,TOUR_DEC12@hawaiitourismauthority.org,2014-07-09 03:48:23 UTC,200,[],http://www.hawaiitourismauthority.org/default/assets/File/research/monthly-visitors/dec12.xls
779,tax_GE2012_10@hawaii.gov,2014-07-09 04:32:14 UTC,200,[],http://files.hawaii.gov/tax/stats/monthly/2012-10.zip
780,tax_collec2012_10@hawaii.gov,2014-07-09 04:29:56 UTC,200,[],http://files.hawaii.gov/tax/stats/monthly/2012-10.zip
781,SEATS_FEB13@hawaiitourismauthority.org,2014-07-09 06:13:01 UTC,200,[],http://www.hawaiitourismauthority.org/default/assets/File/research/airline-capacity/Feb-Apr 2013.xls
782,TOUR_JAN13@hawaiitourismauthority.org,2014-07-09 03:48:28 UTC,200,[],http://www.hawaiitourismauthority.org/default/assets/File/research/monthly-visitors/Jan13.xls
783,tax_GE2012_11@hawaii.gov,2014-07-09 04:32:14 UTC,200,[],http://files.hawaii.gov/tax/stats/monthly/2012-11.zip
784,tax_collec2012_11@hawaii.gov,2014-07-09 04:29:56 UTC,200,[],http://files.hawaii.gov/tax/stats/monthly/2012-11.zip
785,tax_collec2012_12@hawaii.gov,2014-07-09 04:29:56 UTC,200,[],http://files.hawaii.gov/tax/stats/monthly/2012-12.zip
786,SEATS_MAR13@hawaiitourismauthority.org,2014-07-09 06:13:02 UTC,200,[],http://www.hawaiitourismauthority.org/default/assets/File/research/airline-capacity/Mar-May 2013(1).xls
787,LF_HIST@stat.go.jp,2014-07-09 03:44:21 UTC,200,[],http://www.stat.go.jp/data/roudou/longtime/zuhyou/lt01-a10.xls
788,EMPL_HIST@stat.go.jp,2014-07-09 02:28:49 UTC,200,[],http://www.stat.go.jp/data/roudou/longtime/zuhyou/lt01-02.xls
789,ENF_HIST@stat.go.jp,2014-07-09 03:13:04 UTC,200,[],http://www.stat.go.jp/data/roudou/longtime/zuhyou/lt01-a30.xls
790,UR_HIST@stat.go.jp,2014-07-09 05:28:43 UTC,200,[],http://www.stat.go.jp/data/roudou/longtime/zuhyou/lt01-13.xls
791,2013@hiwi.org,2014-07-09 01:29:12 UTC,200,[],https://www.hiwi.org/admin/gsipub/htmlarea/uploads/LFR_CES_JC2013.xls
792,TOUR_FEB13@hawaiitourismauthority.org,2014-07-09 03:48:32 UTC,200,[],http://www.hawaiitourismauthority.org/default/assets/File/research/monthly-visitors/Feb13.xls
793,tax_collec2013_01@hawaii.gov,2014-07-09 04:29:57 UTC,200,[],http://files.hawaii.gov/tax/stats/monthly/2013-01_rev2.zip
794,tax_GE2012_12@hawaii.gov,2014-07-09 04:32:14 UTC,200,[],http://files.hawaii.gov/tax/stats/monthly/2012-12.zip
795,CPI10SA@e-stat.go.jp,2014-07-09 01:28:01 UTC,200,[],http://www.e-stat.go.jp/SG1/estat/CsvdlE.do?sinfid=000011288581
796,SEATS_APR14@hawaiitourismauthority.org,2014-07-09 06:13:18 UTC,200,[],http://www.hawaiitourismauthority.org/default/assets/File/research/airline-capacity/Apr-Jun 2014.xls
797,TOUR_MAR13@hawaiitourismauthority.org,2014-07-09 03:48:34 UTC,200,[],http://www.hawaiitourismauthority.org/default/assets/File/research/monthly-visitors/Mar13.xls
799,SEATS_MAY13@hawaiitourismauthority.org,2014-07-09 06:13:04 UTC,200,[],http://www.hawaiitourismauthority.org/default/assets/File/research/airline-capacity/May-Jul 2013.xls
800,DEGREES@hawaii.edu,2014-07-09 03:46:38 UTC,200,[],https://www.hawaii.edu/institutionalresearch/degreeReport.action?FISCAL_YEAR=2012&IRO_INSTITUTION=&drillThruLevel=&agglevel=&reportId=MAPS_DEG_TOC&campusContext=&drillId=&VALUE=&exportType=EXPORT_EXCEL&drillValue=&drillTarget=
801,FINAID_2010@hawaii.edu,2014-07-09 06:36:11 UTC,200,[],https://www.hawaii.edu/institutionalresearch/fadTocReport.action?ACADEMIC_YEAR=2010&ACAD_LVL_TOGGLE=ALL_STUDENTS&FTPT_TOGGLE=ALL_STUDENTS&STUDENT_COUNT_TYPE=MULTIPLE&AGGREGATE_TOGGLE=1000S&reportId=FADT00&exportType=EXPORT_EXCEL
802,FINAID_2011@hawaii.edu,2014-07-09 06:36:11 UTC,200,[],https://www.hawaii.edu/institutionalresearch/fadTocReport.action?ACADEMIC_YEAR=2011&ACAD_LVL_TOGGLE=ALL_STUDENTS&FTPT_TOGGLE=ALL_STUDENTS&STUDENT_COUNT_TYPE=MULTIPLE&AGGREGATE_TOGGLE=1000S&reportId=FADT00&exportType=EXPORT_EXCEL
803,TOUR_APR13@hawaiitourismauthority.org,2014-07-09 03:48:37 UTC,200,[],http://www.hawaiitourismauthority.org/default/assets/File/apr13.xls
804,tax_GE2013_01@hawaii.gov,2014-07-09 04:32:14 UTC,200,[],http://files.hawaii.gov/tax/stats/monthly/2013-01_rev2.zip
805,tax_collec2013_02@hawaii.gov,2014-07-09 04:29:57 UTC,200,[],http://files.hawaii.gov/tax/stats/monthly/2013-02_rev.zip
806,tax_GE2013_02@hawaii.gov,2014-07-09 04:32:14 UTC,200,[],http://files.hawaii.gov/tax/stats/monthly/2013-02_rev.zip
807,tax_collec2013_03@hawaii.gov,2014-07-09 04:29:57 UTC,200,[],http://files.hawaii.gov/tax/stats/monthly/2013-03_rev.zip
808,SEATS_JUN13@hawaiitourismauthority.org,2014-07-09 06:13:05 UTC,200,[],http://www.hawaiitourismauthority.org/default/assets/File/Seat Outlook Jun-Aug 2013.xls
809,TOUR_MAY13@hawaiitourismauthority.org,2014-07-09 03:48:39 UTC,200,[],http://www.hawaiitourismauthority.org/default/assets/File/research/monthly-visitors/may13.xls
810,tax_collec2013_04@hawaii.gov,2014-07-09 04:29:57 UTC,200,[],http://files.hawaii.gov/tax/stats/monthly/2013-04_rev.zip
811,tax_GE2013_03@hawaii.gov,2014-07-09 04:32:15 UTC,200,[],http://files.hawaii.gov/tax/stats/monthly/2013-03_rev.zip
812,SEATS_JUL13@hawaiitourismauthority.org,2014-07-09 06:13:06 UTC,200,[],http://www.hawaiitourismauthority.org/default/assets/File/research/airline-capacity/Jul-Sep 2013.xls
813,TOUR_JUN13@hawaiitourismauthority.org,2014-07-09 03:48:42 UTC,200,[],http://www.hawaiitourismauthority.org/default/assets/File/research/monthly-visitors/jun13 (final).xls
814,SEATS_AUG13@hawaiitourismauthority.org,2014-07-09 06:13:07 UTC,200,[],http://www.hawaiitourismauthority.org/default/assets/File/research/airline-capacity/Aug-Oct 2013.xls
815,tax_GE2013_04@hawaii.gov,2014-07-09 04:32:15 UTC,200,[],http://files.hawaii.gov/tax/stats/monthly/2013-04_rev.zip
816,tax_collec2013_05@hawaii.gov,2014-07-09 04:29:58 UTC,200,[],http://files.hawaii.gov/tax/stats/monthly/2013-05_rev.zip
817,TOUR_JUL13@hawaiitourismauthority.org,2014-07-09 03:48:46 UTC,200,[],http://www.hawaiitourismauthority.org/default/assets/File/research/monthly-visitors/jul13.xls
818,tax_GE2013_05@hawaii.gov,2014-07-09 04:32:15 UTC,200,[],http://files.hawaii.gov/tax/stats/monthly/2013-05_rev.zip
819,tax_collec2013_06@hawaii.gov,2014-07-09 04:29:58 UTC,200,[],http://files.hawaii.gov/tax/stats/monthly/2013-06.zip
820,SEATS_SEP13@hawaiitourismauthority.org,2014-07-09 06:13:08 UTC,200,[],http://www.hawaiitourismauthority.org/default/assets/File/research/airline-capacity/Sep-Nov 2013(1).xls
821,TOUR_FINAL12@hawaiitourismauthority.org,2014-07-09 04:12:59 UTC,200,[],http://www.hawaiitourismauthority.org/default/assets/File/research/historical-data/2012 Historical Visitors(1).xls
822,TOUR_HIST12@hawaiitourismauthority.org,2014-07-09 03:49:27 UTC,200,[],http://www.hawaiitourismauthority.org/default/assets/File/research/historical-data/2012 Highlights.xls
823,TOUR_AUG13@hawaiitourismauthority.org,2014-07-09 03:48:50 UTC,200,[],http://www.hawaiitourismauthority.org/default/assets/File/research/monthly-visitors/aug13.xls
824,tax_GE2013_06@hawaii.gov,2014-07-09 04:32:15 UTC,200,[],http://files.hawaii.gov/tax/stats/monthly/2013-06.zip
825,tax_collec2013_07@hawaii.gov,2014-07-09 04:29:58 UTC,200,[],http://files.hawaii.gov/tax/stats/monthly/2013-07.zip
826,SEATS_OCT13@hawaiitourismauthority.org,2014-07-09 06:13:09 UTC,200,[],http://www.hawaiitourismauthority.org/default/assets/File/research/airline-capacity/Oct-Dec 2013 Rev.xls
827,SQ4@bea.gov,2014-07-09 03:22:23 UTC,200,[],http://bea.gov/iTable/download.cfm?ext=csv&fid=EA0A461003BEDC9CFE15145BB776F5A985A8630AA4AC3CDCA341CD3251A131ED0D4BC81D63B242B09DF7683F716C6EA0FFD991F92402ADF01FFB283B5DA74473
828,TOUR_SEP13@hawaiitourismauthority.org,2014-07-09 03:48:52 UTC,200,[],http://www.hawaiitourismauthority.org/default/assets/File/sep13.xls
829,tax_GE2013_07@hawaii.gov,2014-07-09 04:32:16 UTC,200,[],http://files.hawaii.gov/tax/stats/monthly/2013-07.zip
830,tax_collec2013_08@hawaii.gov,2014-07-09 04:29:58 UTC,200,[],http://files.hawaii.gov/tax/stats/monthly/2013-08.zip
831,SEATS_NOV13@hawaiitourismauthority.org,2014-07-09 06:13:10 UTC,200,[],http://www.hawaiitourismauthority.org/default/assets/File/research/airline-capacity/Nov 2013 - Jan 2014.xls
832,TOUR_OCT13@hawaiitourismauthority.org,2014-07-09 03:48:57 UTC,200,[],http://www.hawaiitourismauthority.org/default/assets/File/research/monthly-visitors/oct13(1).xls
833,SEATS_DEC13@hawaiitourismauthority.org,2014-07-09 06:13:11 UTC,200,[],http://www.hawaiitourismauthority.org/default/assets/File/Dec 2013 - Feb 2014.xls
834,tax_collec2013_09@hawaii.gov,2014-07-09 04:29:58 UTC,200,[],http://files.hawaii.gov/tax/stats/monthly/2013-09.zip
835,tax_GE2013_08@hawaii.gov,2014-07-09 04:32:16 UTC,200,[],http://files.hawaii.gov/tax/stats/monthly/2013-08.zip
836,TOUR_NOV13@hawaiitourismauthority.org,2014-07-09 03:49:03 UTC,200,[],http://www.hawaiitourismauthority.org/default/assets/File/research/monthly-visitors/nov13 (Revised 12-9-14).xls
837,tax_GE2013_09@hawaii.gov,2014-07-09 04:32:16 UTC,200,[],http://files.hawaii.gov/tax/stats/monthly/2013-09.zip
838,tax_collec2013_10@hawaii.gov,2014-07-09 04:29:59 UTC,200,[],http://files.hawaii.gov/tax/stats/monthly/2013-10.zip
839,SEATS_JAN14@hawaiitourismauthority.org,2014-07-09 06:13:12 UTC,200,[],http://www.hawaiitourismauthority.org/default/assets/File/research/airline-capacity/Jan - Mar 2014(2).xls
840,TOUR_DEC13@hawaiitourismauthority.org,2014-07-09 03:49:06 UTC,200,[],http://www.hawaiitourismauthority.org/default/assets/File/research/monthly-visitors/dec13.xls
841,SEATS_FEB14@hawaiitourismauthority.org,2014-07-09 06:13:14 UTC,200,[],http://www.hawaiitourismauthority.org/default/assets/File/research/airline-capacity/Feb - Apr 2014.xls
842,tax_GE2013_10@hawaii.gov,2014-07-09 04:32:16 UTC,200,[],http://files.hawaii.gov/tax/stats/monthly/2013-10.zip
843,tax_collec2013_11@hawaii.gov,2014-07-09 04:29:59 UTC,200,[],http://files.hawaii.gov/tax/stats/monthly/2013-11.zip
844,TOUR_JAN14@hawaiitourismauthority.org,2014-07-09 03:49:08 UTC,200,[],http://www.hawaiitourismauthority.org/default/assets/File/jan14Rev(1).xls
845,tax_GE2013_11@hawaii.gov,2014-07-09 04:32:16 UTC,200,[],http://files.hawaii.gov/tax/stats/monthly/2013-11.zip
846,tax_collec2013_12@hawaii.gov,2014-07-09 04:29:59 UTC,200,[],http://files.hawaii.gov/tax/stats/monthly/2013-12.zip
847,2014@hiwi.org,2014-07-09 01:29:13 UTC,200,[],https://www.hiwi.org/admin/gsipub/htmlarea/uploads/LFR_CES_JC2014.xls
848,TOUR_FEB14@hawaiitourismauthority.org,2014-07-09 03:49:11 UTC,200,[],http://www.hawaiitourismauthority.org/default/assets/File/research/monthly-visitors/feb14.xls
849,SEATS_MAR14@hawaiitourismauthority.org,2014-07-09 06:13:16 UTC,200,[],http://www.hawaiitourismauthority.org/default/assets/File/research/airline-capacity/Mar-May 2014.xls
850,tax_GE2013_12@hawaii.gov,2014-07-09 04:32:17 UTC,200,[],http://files.hawaii.gov/tax/stats/monthly/2013-12.zip
851,tax_collec2014_01@hawaii.gov,2014-07-09 04:30:00 UTC,200,[],http://files.hawaii.gov/tax/stats/monthly/2014-01.zip
852,JP_LABOR@stat.go.jp,2014-07-09 02:29:04 UTC,200,[],http://www.stat.go.jp/data/roudou/longtime/zuhyou/lt01-a10.xls
853,SEATS_APR13@hawaiitourismauthority.org,2014-07-09 06:13:03 UTC,200,[],http://www.hawaiitourismauthority.org/default/assets/File/research/airline-capacity/Apr-Jun 2013.xls
854,TOUR_MAR14@hawaiitourismauthority.org,2014-07-09 03:49:14 UTC,200,[],http://www.hawaiitourismauthority.org/default/assets/File/research/monthly-visitors/mar14(rev2).xls
855,SEATS_MAY14@hawaiitourismauthority.org,2014-07-09 06:13:20 UTC,200,[],http://www.hawaiitourismauthority.org/default/assets/File/research/airline-capacity/May-Jul 2014.xls
857,tax_collec2014_02@hawaii.gov,2014-07-09 04:30:00 UTC,200,[],http://files.hawaii.gov/tax/stats/monthly/2014-02.zip
858,tax_GE2014_01@hawaii.gov,2014-07-09 04:32:17 UTC,200,[],http://files.hawaii.gov/tax/stats/monthly/2014-01.zip
859,TOUR_APR14@hawaiitourismauthority.org,2014-07-09 03:49:16 UTC,200,[],http://www.hawaiitourismauthority.org/default/assets/File/research/monthly-visitors/apr14.xls
860,tax_GE2014_02@hawaii.gov,2014-07-09 04:32:17 UTC,200,[],http://files.hawaii.gov/tax/stats/monthly/2014-02.zip
861,tax_collec2014_03@hawaii.gov,2014-07-09 04:30:00 UTC,200,[],http://files.hawaii.gov/tax/stats/monthly/2014-03.zip
862,SEATS_JUN14@hawaiitourismauthority.org,2014-07-09 06:13:21 UTC,200,[],http://www.hawaiitourismauthority.org/default/assets/File/Jun-Aug 2014.xls
863,SA05N_HI@bea.gov,2014-07-09 06:58:20 UTC,200,[],http://bea.gov/iTable/download.cfm?ext=csv&fid=083EFC341D740CA973F61BADD4404367854921078700D4EB22CF4693A8ED32F05FBB6BF88F25012CA2B22F6133F9E89F61A552AF872C7A2E8AEAE8CD75600099
864,CA05N_HAW@bea.gov,2014-07-09 06:58:14 UTC,200,[],http://bea.gov/iTable/download.cfm?ext=csv&fid=81768EC76782807852730BE0D2EC5E86791DF6469B769B4610FA460605FDDE575492E06CAEE267FCCBFF871F6016449BD5A2CC29B3C8E4104E9BF26AB31F7C3D
865,CA05N_HON@bea.gov,2014-07-09 06:58:31 UTC,200,[],http://bea.gov/iTable/download.cfm?ext=csv&fid=A8D8B2268B3487F974819B25E854142AFC85DF547EC3D7F23C12553199B17D8248AC703F4615E5A9EAF24553C0ECAB8BC56A476A8B92E617C459F7617045D866
866,CA05N_KAU@bea.gov,2014-07-09 15:04:03 UTC,200,[],http://bea.gov/iTable/download.cfm?ext=csv&fid=A8D8B2268B3487F974819B25E854142AFC85DF547EC3D7F23C12553199B17D8248AC703F4615E5A9EAF24553C0ECAB8BC56A476A8B92E617C459F7617045D866
867,CA05N_MAU@bea.gov,2014-07-09 15:04:08 UTC,200,[],http://bea.gov/iTable/download.cfm?ext=csv&fid=354B793C12D14B5B31C38320F44CA14134639B6814EDA1240AECE89871EF7BDFB056572A2B7E3DD64B035D35A282B8F23D5239BA638ECB6F6648B3B91DB2B2BD
868,CA06N_HAW@bea.gov,2014-07-09 06:48:58 UTC,200,[],http://bea.gov/iTable/download.cfm?ext=csv&fid=EE7DE9D9EB76F782EF9B505416C7ABCFA677021A2F3D8B481DC4BE061D0F0BD26553FE2DA6EEA387F179CD3BA31E9484804671F7065E73FEB1F128BCB4C90013
869,CA06N_HON@bea.gov,2014-07-09 06:49:07 UTC,200,[],http://bea.gov/iTable/download.cfm?ext=csv&fid=6F0217B6EF2F3DC4501EDA353D26CD0EC367A04D1D92FA2EA869C67E2E815BBA38D0DE0A2968344C097CF7B770E4F5E770B377A01B5E9412D99E6C00E5644F1D
870,CA06N_KAU@bea.gov,2014-07-09 06:49:12 UTC,200,[],http://bea.gov/iTable/download.cfm?ext=csv&fid=8D271C1738B661F2B390C55CDF1D91393D3FC36765B62101290504552AB2A84C3B4A56EB9BCCCE66E4ABFB28D79AC1119006BFBFD059861C9E025699941B306A
871,CA06N_MAU@bea.gov,2014-07-09 06:49:17 UTC,200,[],http://bea.gov/iTable/download.cfm?ext=csv&fid=012F3F91179F553843E2955D420717D82369DE3E89905190CEFA97709D107EB3DA863DE958D3940CCCA789BC4D62688DAE66F0E06820095136B21A6802C09BDA
872,SA06N_HI@bea.gov,2014-07-09 06:49:02 UTC,200,[],http://bea.gov/iTable/download.cfm?ext=csv&fid=06799E78FF5E26222E3D263970F385943F4905506D4894A2407EFD810AB6544E23131215300436A95E5F8648C26B8243ACFDC856E6BEBCF8A66AB93E45FB41F8
874,CA04_HAW@bea.gov,2014-07-09 03:52:27 UTC,200,[],http://bea.gov/iTable/download.cfm?ext=csv&fid=41138B9DDB479943DD573712BA0167309DCFC106712AD745491486CEBD62A2FA4650E5E0F2B748BA8058E4CCCD8BA238A0C6D705174A6994B5BC4AE0943A89E9
875,CA04_HON@bea.gov,2014-07-09 03:22:20 UTC,200,[],http://bea.gov/iTable/download.cfm?ext=csv&fid=062EF280D130616CB6AEAEC30A20BF8BA722C646E391F48AA3B8D54BE19D9CF084F9EEBE442A85389D37F2DFC5422F0510CFD6F8034CC4781D3EDDEA61ECEBA2
876,CA04_KAU@bea.gov,2014-07-09 03:52:32 UTC,200,[],http://bea.gov/iTable/download.cfm?ext=csv&fid=6B574C8C213A2395A5D5AFB4D663AA3BD21B5854F80D8C4E04EB5CB1AF54B47B6F4681B439E26BC9DE8E32E5F5743EB5EB07615609D5178005CC2475E2FE1A9D
877,CA04_MAU@bea.gov,2014-07-09 03:52:35 UTC,200,[],http://bea.gov/iTable/download.cfm?ext=csv&fid=039867F917F4C4F990C9C1A3AFB2517BEEAA547C08C58B8F6B64680CE01507E5031E927A9EB09633BD1783ECFF6F887BB252323700FE8E6294A9CBCACF5CC469
878,SA06S_HI@bea.gov,2014-07-09 06:50:42 UTC,200,[],http://bea.gov/iTable/download.cfm?ext=csv&fid=890512235D1220F2C5E31B785AD6F8B411B3B8B1707A44A784002ACA312D6F817F50140EC0F5B8EB1DC5B93407BD252EC3A7C3FFA072F55F6917259031B8EA2F
879,TOUR_YTD@hawaiitourismauthority.org,2014-07-09 04:24:59 UTC,200,[],http://www.hawaiitourismauthority.org/default/assets/File/reports/major-market-areas/Total by Air HL ytd April 2014.xls
880,tax_collec2014_04@hawaii.gov,2014-07-09 04:30:00 UTC,200,[],http://files.hawaii.gov/tax/stats/monthly/2014-04.zip
881,tax_GE2014_03@hawaii.gov,2014-07-09 04:32:17 UTC,200,[],http://files.hawaii.gov/tax/stats/monthly/2014-03.zip
885,SEATS_JUL14@hawaiitourismauthority.org,2014-07-09 06:13:23 UTC,200,[],http://www.hawaiitourismauthority.org/default/assets/File/research/airline-capacity/Jul - Sep 2014.xls
