EAD@US.M,12611
EADNS@US.M,12610
EAE@US.M,12636
EAENS@US.M,12635
EAF@US.M,12658
EAFAC@US.M,12676
EAFACNS@US.M,12675
EAFFD@US.M,12696
EAFFDNS@US.M,12695
EAFNS@US.M,12657
ECT@US.M,12783
ECTNS@US.M,12782
EED@US.M,12840
EEDNS@US.M,12839
EFI@US.M,12875
EFINS@US.M,12874
EGV@US.M,12941
EGVFD@US.M,12969
EGVFDNS@US.M,12968
EGVLC@US.M,13087
EGVLCNS@US.M,13086
EGVNS@US.M,12940
EGVST@US.M,13151
EGVSTNS@US.M,13150
EHC@US.M,13222
EHCNS@US.M,13221
EIF@US.M,13263
EIFNS@US.M,13262
EMA@US.M,13295
EMANS@US.M,13294
EMI@US.M,13302
EMINS@US.M,13301
EMN@US.M,13335
EMNDR@US.M,13366
EMNDRNS@US.M,13365
EMNND@US.M,13441
EMNNDNS@US.M,13440
EMNNS@US.M,13334
EMPL@CA.M,13548
ENF@CA.M,13598
ENFNS@CA.M,13599
EOS@US.M,13627
EOSNS@US.M,13626
EPS@US.M,13645
EPSNS@US.M,13644
ERE@US.M,13667
ERENS@US.M,13666
ERT@US.M,13700
ERTNS@US.M,13699
ETW@US.M,14189
ETWNS@US.M,14188
EUT@US.M,14224
EUTNS@US.M,14223
EWT@US.M,14254
EWTNS@US.M,14253
E_EDHC@US.M,14293
E_EDHCNS@US.M,14292
E_FIR@US.M,14377
E_FIRNS@US.M,14376
E_GDSPR@US.M,14416
E_GDSPRNS@US.M,14415
E_LH@US.M,14468
E_LHNS@US.M,14467
E_NF@US.M,14495
E_NFNS@US.M,14494
E_PBS@US.M,14536
E_PBSNS@US.M,14535
E_PR@US.M,14561
E_PRNS@US.M,14560
E_SVCPR@US.M,14622
E_SVCPRNS@US.M,14621
E_TTU@US.M,14683
E_TTUNS@US.M,14682
KBCON@HON.M,15139
KBCON@MAU.M,15145
KBSGF@HON.M,15137
KBSGF@MAU.M,15143
KRCON@HI.Q,15456
KRSGF@HI.Q,15449
LF@CA.M,15551
OCUP%@HI.M,15823
PRM@HI.M,16227
RMRV@HI.M,16364
TDAP@HI.M,16507
TDCT@HI.M,16520
TDCTFU@HI.M,16524
TDCTTT@HI.M,16528
TDGF@HI.M,16542
TDHW@HI.M,16546
TDTS@HI.M,16556
TGB@HI.M,16566
TGBCT@HI.M,16596
TGBHT@HI.M,16626
TGBRT@HI.M,16751
TGBSV@HI.M,16798
TGR@HI.M,16876
TGRCT@HI.M,16921
TGRHT@HI.M,16938
TGRRT@HI.M,17063
TGRSV@HI.M,17110
TR@HI.M,17251
TRCO@HI.M,17273
TRCOES@HI.M,17296
TRCOPR@HI.M,17308
TRCORF@HI.M,17319
TRFU@HI.M,17377
TRGT@HI.M,17408
TRIN@HI.M,17463
TRINES@HI.M,17489
TRINPR@HI.M,17500
TRINRF@HI.M,17511
TRINWH@HI.M,17522
TRTT@HI.M,17641
VEXPPDJP@HI.M,18514
VEXPPTOT@HI.M,18555
VEXPPTUS@HI.M,18558
VLOSCRAIR@HI.M,16137
VSO@HI.M,19524
VSODM@HI.M,19582
WHAF@HI.M,20046
WHAF@HON.M,20050
WHAFAC@HI.M,20053
WHAFAC@HON.M,20057
WHAFFD@HI.M,20061
WHAFFD@HON.M,20065
WHCT@HI.M,20076
WHCT@HON.M,20080
WHIF@HI.M,20098
WHIF@HON.M,20102
WHMN@HI.M,20112
WHMN@HON.M,20116
WHRT@HI.M,20170
WHRT@HON.M,20174
WHWT@HI.M,20228
WHWT@HON.M,20232
WH_FIN@HI.M,20240
WH_FIN@HON.M,20244
WH_TTU@HI.M,20268
WH_TTU@HON.M,20272
WWAF@HI.M,20279
WWAF@HON.M,20283
WWAFAC@HI.M,20286
WWAFAC@HON.M,20289
WWAFFD@HI.M,20294
WWAFFD@HON.M,20298
WWCT@HI.M,20309
WWCT@HON.M,20313
WWIF@HI.M,20331
WWIF@HON.M,20335
WWMN@HI.M,20345
WWMN@HON.M,20349
WWRT@HI.M,20403
WWRT@HON.M,20407
WWWT@HI.M,20461
WWWT@HON.M,20465
WW_FIN@HI.M,20473
WW_FIN@HON.M,20477
WW_TTU@HI.M,20501
WW_TTU@HON.M,20505
PCDMNS@HAW.D,15915
PCDMNS@HI.D,15910
PCDMNS@HON.D,15916
PCDMNS@KAU.D,15917
PCDMNS@MAU.D,15918
PCITJPNS@HI.D,15993
PCITNS@HI.D,15998
PCITOTNS@HI.D,15999
PCNS@HI.D,15873
CAPU@US.M,12277
EAD@HI.M,12390
EAD@MAU.M,12565
EADESNS@HI.M,12612
EADESNS@HON.M,12615
EADESNS@NBI.M,12619
EADNS@HAW.M,12385
EADNS@HI.M,12391
EADNS@HON.M,12471
EADNS@KAU.M,12516
EADNS@NBI.M,12621
EAE@HI.M,12401
EAENS@HI.M,12405
EAENS@HON.M,12477
EAENS@KAU.M,12522
EAESA@HI.M,12400
EAF@HI.M,12407
EAF@MAU.M,12577
EAFAC@HI.M,12410
EAFAC@MAU.M,12574
EAFACNS@HAW.M,12411
EAFACNS@HI.M,12408
EAFACNS@MAU.M,12573
EAFACNS@NBI.M,12677
EAFFD@HI.M,12413
EAFFD@MAU.M,12576
EAFFDNS@HI.M,12412
EAFFDNS@HON.M,12480
EAFFDRSNS@HI.M,12702
EAFFDRSNS@NBI.M,12715
EAFNS@HAW.M,12403
EAFNS@HI.M,12409
EAFNS@HON.M,12476
EAFNS@MAU.M,12650
EAFNS@NBI.M,12717
EAFSA@HI.M,12406
ECT@HI.M,12345
ECTNS@HI.M,12347
ECTNS@HON.M,12454
ECTNS@NBI.M,12797
ECTSA@HI.M,12344
ECTSPNS@HAW.M,12802
ECTSPNS@MAU.M,12814
EED12NS@HI.M,12820
EED12NS@NBI.M,12827
EFINS@HON.M,12464
EFINS@NBI.M,12898
EGVFD@HI.M,12420
EGVFDNS@HI.M,12422
EGVFDNS@HON.M,12485
EGVFDSA@HI.M,12419
EGVNS@HI.M,12432
EGVNS@HON.M,12484
EGVSA@HI.M,13117
EHC@HI.M,12397
EHCAMNS@HI.M,13223
EHCAMNS@HON.M,13226
EHCAMNS@NBI.M,13230
EHCNS@HI.M,12399
EHCNS@HON.M,12473
EHCNS@NBI.M,13244
EHCSA@HI.M,12396
EMNNDNS@HON.M,13430
EMNNDNS@NBI.M,13484
EMNNS@HON.M,12456
EMNNS@NBI.M,13528
EMPL@HAW.M,13555
EMPL@HI.M,13554
EMPL@HON.M,13561
EMPL@KAU.M,13568
EMPL@MAU.M,13572
EMPL@NBI.M,13575
EMPLNS@HAW.M,13549
EMPLNS@HI.M,13552
EMPLNS@HON.M,13559
EMPLNS@KAU.M,13566
EMPLNS@MAU.M,13570
EMPLNS@NBI.M,13595
EMPLSA@HI.M,13551
EOS@HI.M,12416
EOS@MAU.M,12579
EOSNS@HAW.M,12417
EOSNS@HI.M,12418
EOSNS@HON.M,12483
EOSNS@KAU.M,12525
EOSNS@MAU.M,12578
EOSNS@NBI.M,13630
EOSSA@HI.M,12415
EPS@HI.M,12380
EPSNS@HI.M,12382
EPSNS@HON.M,12469
EPSNS@NBI.M,13647
EPSSA@HI.M,12379
ERENS@HAW.M,12377
EUTNS@HON.M,14215
EUTNS@NBI.M,14225
EWT@HI.M,12355
EWTNS@HI.M,12363
EWTNS@HON.M,12460
EWTNS@MAU.M,12546
EWTSA@HI.M,12354
E_EDHC@HI.M,12435
E_EDHCNS@HI.M,14277
E_EDHCNS@HON.M,14281
E_EDHCNS@NBI.M,14294
E_EDHCSA@HI.M,12434
E_ELSENS@HAW.M,14347
E_ELSENS@HI.M,14305
E_ELSENS@HON.M,14352
E_ELSENS@KAU.M,14356
E_ELSENS@MAU.M,14361
E_FIRNS@HAW.M,12376
E_FIRNS@HON.M,14318
E_FIRNS@NBI.M,14378
E_GDSPR@HI.M,14397
E_GDSPRNS@HI.M,14394
E_GDSPRNS@HON.M,14399
E_GDSPRNS@NBI.M,14417
E_LH@HI.M,12437
E_LHNS@HAW.M,12402
E_LHNS@HI.M,14455
E_LHNS@HON.M,12475
E_LHNS@KAU.M,12520
E_LHNS@NBI.M,14469
E_LHSA@HI.M,12436
E_NFNS@HAW.M,12334
E_NFNS@HI.M,12439
E_NFNS@HON.M,12445
E_NFNS@KAU.M,12495
E_NFNS@MAU.M,12530
E_NFNS@NBI.M,14506
E_NFSA@HI.M,12433
E_OTNS@HAW.M,14511
E_OTNS@MAU.M,14517
E_PBS@HI.M,12389
E_PBS@MAU.M,12566
E_PBSNS@HAW.M,12384
E_PBSNS@HI.M,14522
E_PBSNS@HON.M,14526
E_PBSNS@KAU.M,12515
E_PBSNS@NBI.M,14537
E_PBSSA@HI.M,12388
E_PRNS@HAW.M,14540
E_PRNS@HI.M,14543
E_PRNS@HON.M,14546
E_PRNS@KAU.M,14551
E_PRNS@MAU.M,14554
E_PRNS@NBI.M,14562
E_PRSVCPRNS@HAW.M,14564
E_PRSVCPRNS@HI.M,14567
E_PRSVCPRNS@HON.M,14572
E_PRSVCPRNS@KAU.M,14579
E_PRSVCPRNS@MAU.M,14582
E_PRSVCPRNS@NBI.M,14590
E_SVCPRNS@HAW.M,14603
E_SVCPRNS@HI.M,14606
E_SVCPRNS@HON.M,14609
E_SVCPRNS@KAU.M,14612
E_SVCPRNS@MAU.M,14615
E_SVCPRNS@NBI.M,14623
E_SVNS@HI.M,14310
E_SVNS@HON.M,14319
E_SVNS@KAU.M,14330
E_SVNS@MAU.M,14336
E_SVNS@NBI.M,14625
E_TRADE@HI.M,12358
E_TRADENS@HI.M,14303
E_TRADENS@HON.M,14317
E_TRADENS@MAU.M,14335
E_TTU@HI.M,12353
E_TTUNS@HI.M,14667
E_TTUNS@HON.M,14670
E_TTUNS@MAU.M,14676
E_TTUNS@NBI.M,14684
E_TTUSA@HI.M,12352
E_TUNS@HON.M,12458
E_TUNS@NBI.M,14696
HOUST@US.M,14940
IP@US.M,15128
LF@HAW.M,15557
LF@HI.M,15556
LF@HON.M,15563
LF@KAU.M,15570
LF@MAU.M,15574
LF@NBI.M,15578
LFNS@HAW.M,15555
LFNS@HI.M,15553
LFNS@HON.M,15562
LFNS@KAU.M,15569
LFNS@MAU.M,15573
LFNS@NBI.M,15598
LFSA@HI.M,15552
OCUP%NS@HAW.M,15824
OCUP%NS@HI.M,15822
OCUP%NS@KAU.M,15830
OCUP%NS@MAU.M,15832
PC@HI.M,15875
PCDM@HI.M,15912
PCE@US.M,15919
PCECORE@US.M,15922
PCITJP@HI.M,15995
PCITOT@HI.M,16001
PMKBCON@HON.M,16074
PMKBCON@MAU.M,16078
PMKBCONNS@HON.M,16075
PMKBCONNS@MAU.M,16079
PMKBSGF@HON.M,16086
PMKBSGF@MAU.M,16090
PMKBSGFNS@HON.M,16087
PMKBSGFNS@MAU.M,16091
PRMNS@HAW.M,16228
PRMNS@HI.M,16226
PRMNS@HON.M,16232
PRMNS@KAU.M,16234
PRMNS@MAU.M,16236
RMRVNS@HAW.M,16365
RMRVNS@HI.M,16363
RMRVNS@HON.M,16369
RMRVNS@KAU.M,16371
RMRVNS@MAU.M,16373
SH_RESNS@HI.M,16465
SH_RESNS@MAU.M,16464
TDGFNS@HI.M,16540
TDTSNS@HI.M,16555
TRCOESNS@HI.M,17269
TRCONS@HI.M,17272
TRCOPRNS@HI.M,17270
TRCORFNS@HI.M,17271
TRINESNS@HI.M,17458
TRINNS@HI.M,17462
TRINPRNS@HI.M,17459
TRINRFNS@HI.M,17461
TRINWHNS@HI.M,17460
TRNS@HI.M,17250
UR@HAW.M,17800
UR@HON.M,17807
UR@KAU.M,17815
UR@NBI.M,17824
URNS@HAW.M,17797
URNS@HI.M,17802
URNS@KAU.M,17812
URNS@NBI.M,17822
VADC@HAW.M,17913
VADC@HON.M,17914
VADC@KAU.M,17915
VDAY@HAW.M,16120
VDAY@HON.M,16158
VDAY@KAU.M,16179
VEXPPTNS@MAU.M,18538
VISNS@KAU.M,16451
VISNS@MAU.M,16456
VISRESNS@KAU.M,16455
VISRESNS@MAU.M,16460
VLOSNS@MAU.M,18905
VLOSRESNS@MAU.M,18927
VSCANSCHNS@HI.M,19373
VSCHTNS@HON.M,19393
VSCHTNS@KAU.M,19396
VSCHTNS@MAU.M,19399
VSDMCHTNS@HON.M,19423
VSDMCHTNS@KAU.M,19426
VSDMCHTNS@MAU.M,19429
VSDMNS@HON.M,19408
VSDMNS@KAU.M,19412
VSDMNS@MAU.M,19411
VSDMSCHNS@KAU.M,19446
VSITCHTNS@HI.M,19472
VSITCHTNS@HON.M,19475
VSITNS@HON.M,19460
VSITNS@KAU.M,19463
VSITSCHNS@HI.M,19489
VSITSCHNS@KAU.M,19495
VSJPSCHNS@HI.M,19506
VSJPSCHNS@MAU.M,19515
VSNS@HON.M,19346
VSNS@KAU.M,19349
VSNS@MAU.M,19352
VSSCHNS@KAU.M,19759
VSUSESCHNS@HI.M,19944
VSUSESCHNS@KAU.M,19950
VSUSESCHNS@MAU.M,19953
VSUSWSCHNS@KAU.M,19967
VSUSWSCHNS@MAU.M,19970
WHAFNS@HI.M,20043
WHAFNS@HON.M,20047
WHCTNS@HI.M,20073
WHMNNS@HI.M,20109
WHMNNS@HON.M,20113
WHWTNS@HI.M,20225
WHWTNS@HON.M,20229
WH_TTUNS@HI.M,20265
WH_TTUNS@HON.M,20269
WWAFNS@HI.M,20276
WWAFNS@HON.M,20280
WWCTNS@HI.M,20306
WWCTNS@HON.M,20310
WWMNNS@HI.M,20342
WWMNNS@HON.M,20346
WWRTNS@HI.M,20400
WWRTNS@HON.M,20404
WWWTNS@HI.M,20458
WWWTNS@HON.M,20462
WW_FINNS@HI.M,20470
WW_FINNS@HON.M,20474
WW_TTUNS@HI.M,20498
WW_TTUNS@HON.M,20502
Y@US.M,20511
YCE@US.M,20673
YCE_R@US.M,20688
YDIR&@HI.A,21209
YDPI@US.M,21237
YDPI_R@US.M,21240
YLP&@HI.A,21268
YLPAGFA&@HI.A,21282
YLPAGFF&@HI.A,21296
YLPC&@HI.A,21392
YLPFIR&@HI.A,21442
YLPG&@HI.A,21550
YLPGFC&@HI.A,21557
YLPGFM&@HI.A,21571
YLPGL&@HI.A,21585
YLPGSL&@HI.A,21597
YLPGST&@HI.A,21611
YLPM&@HI.A,21630
YLPMD&@HI.A,21637
YLPMI&@HI.A,21795
YLPMIMT&@HI.A,21814
YLPMN&@HI.A,21856
YLPR&@HI.A,21996
YLPSV&@HI.A,22137
YLPTR&@HI.A,22350
YLPTW&@HI.A,22460
YL_NF&@HI.A,22615
YL_PR&@HI.A,22649
YNETR&@HI.A,22736
YOTLAB&@HI.A,22764
YP&@HI.A,22815
YPCBEA&@HI.A,22828
YPCDPI@US.M,22856
YPCDPI_R@US.M,22859
YPROP&@HI.A,22897
YPROPFA&@HI.A,22911
YPROPNF&@HI.A,22939
YTWPER&@HI.A,23082
YV&@HI.A,23096
YWAGE&@HI.A,23110
YXR@JP.M,23130
CAPU@US.Q,12278
EMPL@HAW.Q,13556
EMPL@HI.Q,13558
EMPL@HON.Q,13562
EMPL@KAU.Q,13569
EMPL@MAU.Q,13573
EMPL@NBI.Q,13576
EMPLNS@HAW.Q,13590
EMPLNS@HI.Q,13591
EMPLNS@HON.Q,13592
EMPLNS@KAU.Q,13593
EMPLNS@MAU.Q,13594
EMPLNS@NBI.Q,13596
EMPLSA@HI.Q,13597
FAMSIZE@HI.Q,14713
FAMSIZE@HON.Q,14702
GDP@US.Q,14721
GDP_R@US.Q,14854
HOUST@US.Q,14941
KRCONNS@HAW.Q,15454
KRCONNS@HON.Q,15455
KRCONNS@KAU.Q,15453
KRCONNS@MAU.Q,15452
KRNS@HAW.Q,15462
KRNS@HON.Q,15464
KRNS@KAU.Q,15465
KRNS@MAU.Q,15466
KRSGFNS@HAW.Q,15450
KRSGFNS@HON.Q,15460
KRSGFNS@KAU.Q,15459
KRSGFNS@MAU.Q,15458
LF@HAW.Q,15559
LF@HI.Q,15561
LF@HON.Q,15565
LF@KAU.Q,15572
LF@MAU.Q,15576
LF@NBI.Q,15579
LFNS@HAW.Q,15593
LFNS@HI.Q,15594
LFNS@HON.Q,15595
LFNS@KAU.Q,15596
LFNS@MAU.Q,15597
LFNS@NBI.Q,15599
LFPR@HAW.Q,15603
LFPR@HI.Q,15609
LFPR@HON.Q,15618
LFPR@KAU.Q,15620
LFPR@MAU.Q,15622
LFPR@NBI.Q,15626
LFPRNS@HAW.Q,15627
LFPRNS@HI.Q,15628
LFPRNS@HON.Q,15629
LFPRNS@KAU.Q,15630
LFPRNS@MAU.Q,15631
LFPRNS@NBI.Q,15632
LFSA@HI.Q,15633
NBIRRCMD@HI.Q,15696
OCUP%NS@HAW.Q,15834
OCUP%NS@HI.Q,15826
OCUP%NS@KAU.Q,15839
OCUP%NS@MAU.Q,15841
PAFSGF@HI.Q,15846
PAFSGF@HON.Q,15848
PAKRCON@HAW.Q,15858
PAKRCON@HON.Q,15866
PAKRCON@KAU.Q,15870
PAKRCON@MAU.Q,15868
PAKRCONNS@HAW.Q,15857
PAKRCONNS@HON.Q,15865
PAKRCONNS@KAU.Q,15869
PAKRCONNS@MAU.Q,15867
PAKRSGF@HAW.Q,15856
PAKRSGF@HON.Q,15860
PAKRSGF@KAU.Q,15864
PAKRSGF@MAU.Q,15862
PAKRSGFNS@HAW.Q,15855
PAKRSGFNS@HON.Q,15859
PAKRSGFNS@KAU.Q,15863
PAKRSGFNS@MAU.Q,15861
PCECORE@US.Q,15923
PMKBCON@HON.Q,16077
PMKBCON@MAU.Q,16081
PMKBCONNS@HON.Q,16083
PMKBCONNS@MAU.Q,16085
PMKBSGF@HON.Q,16089
PMKBSGF@MAU.Q,16093
PMKBSGFNS@HON.Q,16095
PMKBSGFNS@MAU.Q,16097
PMKRCONNS@HAW.Q,14915
PMKRCONNS@HI.Q,14920
PMKRCONNS@HON.Q,14925
PMKRCONNS@KAU.Q,14930
PMKRCONNS@MAU.Q,14935
PMKRSGFNS@HAW.Q,14882
PMKRSGFNS@HI.Q,14889
PMKRSGFNS@HON.Q,14894
PMKRSGFNS@KAU.Q,14904
PMKRSGFNS@MAU.Q,14910
PRMNS@HAW.Q,16238
PRMNS@HI.Q,16230
PRMNS@HON.Q,16241
PRMNS@KAU.Q,16243
PRMNS@MAU.Q,16245
RMRVNS@HAW.Q,16375
RMRVNS@HI.Q,16367
RMRVNS@HON.Q,16376
RMRVNS@KAU.Q,16377
RMRVNS@MAU.Q,16378
SH_RESNS@HI.Q,16471
SH_YPC@HON.Q,14902
TDGFNS@HI.Q,16543
TGBCT_R@HI.Q,16615
TRCOESNS@HI.Q,17297
TRCOPRNS@HI.Q,17309
TRCORFNS@HI.Q,17320
TRINESNS@HI.Q,17490
TRINNS@HI.Q,17464
TRINPRNS@HI.Q,17501
TRINRFNS@HI.Q,17512
TRINWHNS@HI.Q,17523
TRNS@HI.Q,17252
URNS@HI.Q,17839
VADC@HAW.Q,16134
VADC@HON.Q,16169
VADC@KAU.Q,16190
VDAY@HAW.Q,16121
VDAY@HON.Q,16159
VDAY@KAU.Q,16180
VEXPPTNS@MAU.Q,18539
VISNS@MAU.Q,18748
VISRESNS@MAU.Q,16469
VLOSNS@MAU.Q,18906
VLOSRESNS@MAU.Q,18928
VSCANSCHNS@HI.Q,19374
VSCHTNS@HON.Q,19394
VSCHTNS@KAU.Q,19397
VSCHTNS@MAU.Q,19400
VSDMCHTNS@HON.Q,19424
VSDMCHTNS@KAU.Q,19427
VSDMCHTNS@MAU.Q,19430
VSDMNS@HON.Q,19409
VSDMNS@KAU.Q,19413
VSDMNS@MAU.Q,19415
VSDMSCHNS@KAU.Q,19447
VSITCHTNS@HI.Q,19473
VSITCHTNS@HON.Q,19476
VSITNS@HON.Q,19461
VSITNS@KAU.Q,19464
VSITSCHNS@HI.Q,19490
VSITSCHNS@KAU.Q,19496
VSJPSCHNS@HI.Q,19507
VSJPSCHNS@MAU.Q,19516
VSNS@HON.Q,19347
VSNS@KAU.Q,19350
VSNS@MAU.Q,19353
VSOTSCHNS@MAU.Q,19703
VSSCHNS@KAU.Q,19760
VSUSESCHNS@HI.Q,19945
VSUSESCHNS@KAU.Q,19951
VSUSESCHNS@MAU.Q,19954
VSUSWSCHNS@KAU.Q,19968
VSUSWSCHNS@MAU.Q,19971
Y@HI.Q,14703
Y@US.Q,20512
YCE@US.Q,20674
YCE_R@US.Q,20689
YDIV@HI.Q,21224
YDIV_R@HI.Q,21231
YDPI@US.Q,21238
YDPI_R@US.Q,21241
YL@HI.Q,21244
YLAD@HI.Q,21251
YLAD_R@HI.Q,21262
YLPS@HI.Q,22131
YLPS_R@HI.Q,22344
YLRE@HI.Q,22482
YLRE_R@HI.Q,22495
YLRT@HI.Q,22502
YLRT_R@HI.Q,22533
YLTW@HI.Q,22540
YLTW_R@HI.Q,22567
YLUT@HI.Q,22574
YLUT_R@HI.Q,22581
YLWT@HI.Q,22588
YLWT_R@HI.Q,22595
YL_GVSL@HI.Q,22602
YL_GVSL_R@HI.Q,22609
YL_NF@HI.Q,22623
YL_NF_R@HI.Q,22637
YL_PR@HI.Q,22657
YL_PR_R@HI.Q,22671
YL_R@HI.Q,22678
YL_TRADE@HI.Q,22691
YL_TRADE_R@HI.Q,22698
YL_TTU@HI.Q,22709
YL_TTU_R@HI.Q,22716
YL_TU@HI.Q,22723
YL_TU_R@HI.Q,22730
YNETR@HI.Q,22744
YNETR_R@HI.Q,22758
YOTLAB@HI.Q,22770
YOTLABPEN@HI.Q,22774
YOTLABPEN_R@HI.Q,22781
YOTLABSS@HI.Q,22788
YOTLABSS_R@HI.Q,22795
YOTLAB_R@HI.Q,22809
YPC@HI.Q,14706
YPCDPI@US.Q,22857
YPCDPI_R@US.Q,22860
YPC_R@HI.Q,22863
YPROP@HI.Q,22905
YPROPFA@HI.Q,22919
YPROPFA_R@HI.Q,22933
YPROPNF@HI.Q,22947
YPROPNF_R@HI.Q,22961
YPROP_R@HI.Q,22975
YSOCSEC@HI.Q,23019
YSOCSECEM@HI.Q,23026
YSOCSECEM_R@HI.Q,23033
YSOCSECPR@HI.Q,23040
YSOCSECPR_R@HI.Q,23047
YSOCSEC_R@HI.Q,23054
YTRNSF@HI.Q,23065
YTRNSF_R@HI.Q,23076
YWAGE@HI.Q,23116
YWAGE_R@HI.Q,23126
Y_R@HI.Q,23135
EMPL@HAW.A,13550
EMPL@HI.A,13557
EMPL@HON.A,13560
EMPL@KAU.A,13567
EMPL@MAU.A,13571
EMPL@NBI.A,13574
FAMSIZE@HI.A,14714
FAMSIZE@HON.A,14711
GDP@JP.A,14718
GDPDEF@JP.A,14722
GDP_CG@JP.A,14739
GDP_EX@JP.A,14761
GDP_IM@JP.A,14809
HPMT@HAW.A,14886
HPMT@HI.A,14891
HPMT@HON.A,14897
HPMT@KAU.A,14906
HPMT@MAU.A,14912
HPMTCON@HAW.A,14917
HPMTCON@HI.A,14922
HPMTCON@HON.A,14927
HPMTCON@KAU.A,14932
HPMTCON@MAU.A,14937
HYQUAL@HAW.A,14887
HYQUAL@HI.A,14892
HYQUAL@HON.A,14898
HYQUAL@KAU.A,14907
HYQUAL@MAU.A,14913
HYQUALCON@HAW.A,14918
HYQUALCON@HI.A,14923
HYQUALCON@HON.A,14928
HYQUALCON@KAU.A,14933
HYQUALCON@MAU.A,14938
KRSGF@HON.A,15461
LF@HAW.A,15558
LF@HI.A,15560
LF@HON.A,15564
LF@KAU.A,15571
LF@MAU.A,15575
LF@NBI.A,15577
LFPR@HAW.A,15601
LFPR@HI.A,15606
LFPR@HON.A,15611
LFPR@KAU.A,15619
LFPR@MAU.A,15621
LFPR@NBI.A,15624
NBIRRCMD@HI.A,15694
NRBEA&@HAW.A,15789
NRBEA&@HI.A,15790
NRBEA&@HON.A,15791
NRBEA&@KAU.A,15792
NRBEA&@MAU.A,15793
NRBEA@HAW.A,15795
NRBEA@HI.A,15796
NRBEA@HON.A,15797
NRBEA@KAU.A,15798
NRBEA@MAU.A,15799
NRBEA@NBI.A,15800
OCUP%@HI.A,15827
PAFSGF@HAW.A,15844
PAFSGF@HI.A,15845
PAFSGF@HON.A,15847
PAFSGF@KAU.A,15849
PAFSGF@MAU.A,15850
PMKBCON@HON.A,16076
PMKBCON@MAU.A,16080
PMKBSGF@HON.A,16088
PMKBSGF@MAU.A,16092
PMKRCONNS@HAW.A,14916
PMKRCONNS@HI.A,14921
PMKRCONNS@HON.A,14926
PMKRCONNS@KAU.A,14931
PMKRCONNS@MAU.A,14936
PMKRSGFNS@HAW.A,14883
PMKRSGFNS@HI.A,14890
PMKRSGFNS@HON.A,14896
PMKRSGFNS@KAU.A,14905
PMKRSGFNS@MAU.A,14911
PRM@HI.A,16231
RMRV@HI.A,16368
SH_YPC@HON.A,14900
TDGF@HI.A,16541
TR@HI.A,17253
UR@HI.A,17803
VEXPPT@MAU.A,18540
VS@HON.A,19348
VS@KAU.A,19351
VS@MAU.A,19354
VSCANSCH@HI.A,19375
VSCHT@HON.A,19395
VSCHT@KAU.A,19398
VSCHT@MAU.A,19401
VSDM@HON.A,19410
VSDM@KAU.A,19414
VSDM@MAU.A,19416
VSDMCHT@HON.A,19425
VSDMCHT@KAU.A,19428
VSDMCHT@MAU.A,19431
VSDMSCH@KAU.A,19448
VSIT@HON.A,19462
VSIT@KAU.A,19465
VSITCHT@HI.A,19474
VSITCHT@HON.A,19477
VSITSCH@HI.A,19491
VSITSCH@KAU.A,19497
VSJPSCH@HI.A,19508
VSJPSCH@MAU.A,19517
VSOTSCH@MAU.A,19704
VSSCH@KAU.A,19761
VSUSESCH@HI.A,19946
VSUSESCH@KAU.A,19952
VSUSESCH@MAU.A,19955
VSUSWSCH@KAU.A,19969
VSUSWSCH@MAU.A,19972
VXPR@HI.A,20026
Y@HAW.A,20506
Y@HI.A,14709
Y@HON.A,14698
Y@KAU.A,20507
Y@MAU.A,20508
Y@NBI.A,20509
YC@HAW.A,20515
YC@HI.A,20518
YC@HON.A,20521
YC@KAU.A,20524
YC@MAU.A,20527
YC@NBI.A,20528
YCAD@HAW.A,20529
YCAD@HI.A,20530
YCAD@HON.A,20531
YCAD@KAU.A,20532
YCAD@MAU.A,20533
YCAD@NBI.A,20534
YCADAD@HI.A,20535
YCADAD_R@HI.A,20536
YCADWM@HI.A,20537
YCADWM_R@HI.A,20538
YCAD_R@HAW.A,20539
YCAD_R@HI.A,20540
YCAD_R@HON.A,20541
YCAD_R@KAU.A,20542
YCAD_R@MAU.A,20543
YCAD_R@NBI.A,20544
YCAE@HAW.A,20545
YCAE@HI.A,20546
YCAE@HON.A,20547
YCAE@KAU.A,20548
YCAE@MAU.A,20549
YCAE@NBI.A,20550
YCAEMU@HI.A,20551
YCAEMU_R@HI.A,20552
YCAEPF@HI.A,20553
YCAEPF_R@HI.A,20554
YCAERE@HI.A,20555
YCAERE_R@HI.A,20556
YCAE_R@HAW.A,20557
YCAE_R@HI.A,20558
YCAE_R@HON.A,20559
YCAE_R@KAU.A,20560
YCAE_R@MAU.A,20561
YCAE_R@NBI.A,20562
YCAF@HAW.A,20563
YCAF@HI.A,20564
YCAF@HON.A,20565
YCAF@KAU.A,20566
YCAF@MAU.A,20567
YCAF@NBI.A,20568
YCAFAC@HI.A,20570
YCAFAC@HON.A,20571
YCAFAC@MAU.A,20573
YCAFAC_R@HI.A,20574
YCAFFD@HAW.A,20575
YCAFFD@HI.A,20576
YCAFFD@HON.A,20577
YCAFFD@KAU.A,20578
YCAFFD@MAU.A,20579
YCAFFD_R@HI.A,20580
YCAF_R@HAW.A,20581
YCAF_R@HI.A,20582
YCAF_R@HON.A,20583
YCAF_R@KAU.A,20584
YCAF_R@MAU.A,20585
YCAF_R@NBI.A,20586
YCAG@HI.A,20592
YCAG@HON.A,20595
YCAG@NBI.A,20602
YCAGFA@HAW.A,20587
YCAGFA@HI.A,20590
YCAGFA@HON.A,20593
YCAGFA@KAU.A,20596
YCAGFA@MAU.A,20599
YCAGFA@NBI.A,20603
YCAGFA_R@HAW.A,20604
YCAGFA_R@HI.A,20605
YCAGFA_R@HON.A,20606
YCAGFA_R@KAU.A,20607
YCAGFA_R@MAU.A,20608
YCAGFA_R@NBI.A,20609
YCAGFF@HI.A,20591
YCAGFF@HON.A,20594
YCAGFF@NBI.A,20610
YCAGFFFO@HI.A,20612
YCAGFFFO@NBI.A,20616
YCAGFFFO_R@HI.A,20618
YCAGFFFO_R@NBI.A,20622
YCAGFFFS@HI.A,20623
YCAGFFFS_R@HI.A,20624
YCAGFFSP@HI.A,20630
YCAGFFSP_R@HI.A,20631
YCAGFF_R@HI.A,20633
YCAGFF_R@HON.A,20634
YCAGFF_R@NBI.A,20637
YCAG_R@HI.A,20639
YCAG_R@HON.A,20640
YCAG_R@NBI.A,20643
YCAVR@HAW.A,20644
YCAVR@HI.A,20645
YCAVR@HON.A,20646
YCAVR@KAU.A,20647
YCAVR@MAU.A,20648
YCAVR_R@HAW.A,20649
YCAVR_R@HI.A,20650
YCAVR_R@HON.A,20651
YCAVR_R@KAU.A,20652
YCAVR_R@MAU.A,20653
YCCT@HAW.A,20654
YCCT@HI.A,20655
YCCT@HON.A,20656
YCCT@KAU.A,20657
YCCT@MAU.A,20658
YCCT@NBI.A,20659
YCCTBL@HI.A,20660
YCCTBL_R@HI.A,20661
YCCTHV@HI.A,20662
YCCTHV_R@HI.A,20663
YCCTSP@HI.A,20664
YCCTSP_R@HI.A,20665
YCCT_R@HAW.A,20666
YCCT_R@HI.A,20667
YCCT_R@HON.A,20668
YCCT_R@KAU.A,20669
YCCT_R@MAU.A,20670
YCCT_R@NBI.A,20671
YCED@HAW.A,20675
YCED@HI.A,20676
YCED@HON.A,20677
YCED@KAU.A,20678
YCED@MAU.A,20679
YCED@NBI.A,20680
YCED_R@HAW.A,20681
YCED_R@HI.A,20682
YCED_R@HON.A,20683
YCED_R@KAU.A,20684
YCED_R@MAU.A,20685
YCED_R@NBI.A,20686
YCFI@HAW.A,20690
YCFI@HI.A,20691
YCFI@HON.A,20692
YCFI@KAU.A,20693
YCFI@MAU.A,20694
YCFI@NBI.A,20695
YCFICR@HI.A,20696
YCFICR_R@HI.A,20697
YCFIIN@HI.A,20698
YCFIIN_R@HI.A,20699
YCFIOT@HI.A,20702
YCFIOT_R@HI.A,20703
YCFISE@HI.A,20704
YCFISE_R@HI.A,20705
YCFI_R@HAW.A,20706
YCFI_R@HI.A,20707
YCFI_R@HON.A,20708
YCFI_R@KAU.A,20709
YCFI_R@MAU.A,20710
YCFI_R@NBI.A,20711
YCGV@HAW.A,20712
YCGV@HI.A,20713
YCGV@HON.A,20714
YCGV@KAU.A,20715
YCGV@MAU.A,20716
YCGV@NBI.A,20717
YCGVFD@HAW.A,20718
YCGVFD@HI.A,20719
YCGVFD@HON.A,20720
YCGVFD@KAU.A,20721
YCGVFD@MAU.A,20722
YCGVFD@NBI.A,20723
YCGVFD_R@HAW.A,20724
YCGVFD_R@HI.A,20725
YCGVFD_R@HON.A,20726
YCGVFD_R@KAU.A,20727
YCGVFD_R@MAU.A,20728
YCGVFD_R@NBI.A,20729
YCGVLC@HAW.A,20730
YCGVLC@HI.A,20731
YCGVLC@HON.A,20732
YCGVLC@KAU.A,20733
YCGVLC@MAU.A,20734
YCGVLC@NBI.A,20735
YCGVLC_R@HAW.A,20736
YCGVLC_R@HI.A,20737
YCGVLC_R@HON.A,20738
YCGVLC_R@KAU.A,20739
YCGVLC_R@MAU.A,20740
YCGVLC_R@NBI.A,20741
YCGVML@HAW.A,20742
YCGVML@HI.A,20743
YCGVML@HON.A,20744
YCGVML@KAU.A,20745
YCGVML@MAU.A,20746
YCGVML@NBI.A,20747
YCGVML_R@HAW.A,20748
YCGVML_R@HI.A,20749
YCGVML_R@HON.A,20750
YCGVML_R@KAU.A,20751
YCGVML_R@MAU.A,20752
YCGVML_R@NBI.A,20753
YCGVST@HAW.A,20754
YCGVST@HI.A,20755
YCGVST@HON.A,20756
YCGVST@KAU.A,20757
YCGVST@MAU.A,20758
YCGVST@NBI.A,20759
YCGVST_R@HAW.A,20760
YCGVST_R@HI.A,20761
YCGVST_R@HON.A,20762
YCGVST_R@KAU.A,20763
YCGVST_R@MAU.A,20764
YCGVST_R@NBI.A,20765
YCGV_R@HAW.A,20766
YCGV_R@HI.A,20767
YCGV_R@HON.A,20768
YCGV_R@KAU.A,20769
YCGV_R@MAU.A,20770
YCGV_R@NBI.A,20771
YCHC@HAW.A,20772
YCHC@HI.A,20773
YCHC@HON.A,20774
YCHC@KAU.A,20775
YCHC@MAU.A,20776
YCHC@NBI.A,20777
YCHCAM@HI.A,20778
YCHCAM_R@HI.A,20779
YCHCHO@HI.A,20780
YCHCHO_R@HI.A,20781
YCHCNR@HI.A,20782
YCHCNR_R@HI.A,20783
YCHCSO@HI.A,20784
YCHCSO_R@HI.A,20785
YCHC_R@HAW.A,20786
YCHC_R@HI.A,20787
YCHC_R@HON.A,20788
YCHC_R@KAU.A,20789
YCHC_R@MAU.A,20790
YCHC_R@NBI.A,20791
YCIF@HAW.A,20792
YCIF@HI.A,20793
YCIF@HON.A,20794
YCIF@KAU.A,20795
YCIF@MAU.A,20796
YCIF@NBI.A,20797
YCIFBC@HI.A,20798
YCIFBC_R@HI.A,20799
YCIFDP@HI.A,20800
YCIFDP_R@HI.A,20801
YCIFIT@HI.A,20802
YCIFIT_R@HI.A,20803
YCIFMP@HI.A,20804
YCIFMP_R@HI.A,20805
YCIFOT@HI.A,20806
YCIFOT_R@HI.A,20807
YCIFPB@HI.A,20808
YCIFPB_R@HI.A,20809
YCIFTC@HI.A,20810
YCIFTC_R@HI.A,20811
YCIF_R@HAW.A,20812
YCIF_R@HI.A,20813
YCIF_R@HON.A,20814
YCIF_R@KAU.A,20815
YCIF_R@MAU.A,20816
YCIF_R@NBI.A,20817
YCMA@HAW.A,20818
YCMA@HI.A,20819
YCMA@HON.A,20820
YCMA@KAU.A,20821
YCMA@MAU.A,20822
YCMA@NBI.A,20823
YCMA_R@HAW.A,20824
YCMA_R@HI.A,20825
YCMA_R@HON.A,20826
YCMA_R@KAU.A,20827
YCMA_R@MAU.A,20828
YCMA_R@NBI.A,20829
YCMI@HI.A,20831
YCMI@HON.A,20832
YCMI@NBI.A,20835
YCMIMI@HI.A,20836
YCMIMI_R@HI.A,20837
YCMISP_R@HI.A,20841
YCMI_R@HI.A,20843
YCMI_R@HON.A,20844
YCMI_R@NBI.A,20847
YCMN@HAW.A,20848
YCMN@HI.A,20849
YCMN@HON.A,20850
YCMN@KAU.A,20851
YCMN@MAU.A,20852
YCMN@NBI.A,20853
YCMNDR@HAW.A,20854
YCMNDR@HI.A,20855
YCMNDR@HON.A,20856
YCMNDR@KAU.A,20857
YCMNDR@MAU.A,20858
YCMNDR@NBI.A,20859
YCMNDRCM@HI.A,20860
YCMNDRCM_R@HI.A,20861
YCMNDREL@HI.A,20862
YCMNDREL_R@HI.A,20863
YCMNDRFB@HI.A,20864
YCMNDRFB_R@HI.A,20865
YCMNDRFR@HI.A,20866
YCMNDRFR_R@HI.A,20867
YCMNDRMC@HI.A,20868
YCMNDRMC_R@HI.A,20869
YCMNDRMS@HI.A,20870
YCMNDRMS_R@HI.A,20871
YCMNDRMV@HI.A,20872
YCMNDRMV_R@HI.A,20873
YCMNDRNM@HI.A,20874
YCMNDRNM_R@HI.A,20875
YCMNDRTR@HI.A,20878
YCMNDRTR_R@HI.A,20879
YCMNDRWD@HI.A,20880
YCMNDRWD_R@HI.A,20881
YCMNDR_R@HAW.A,20882
YCMNDR_R@HI.A,20883
YCMNDR_R@HON.A,20884
YCMNDR_R@KAU.A,20885
YCMNDR_R@MAU.A,20886
YCMNDR_R@NBI.A,20887
YCMNND@HAW.A,20888
YCMNND@HI.A,20889
YCMNND@HON.A,20890
YCMNND@KAU.A,20891
YCMNND@MAU.A,20892
YCMNND@NBI.A,20893
YCMNNDAP@HI.A,20894
YCMNNDAP_R@HI.A,20895
YCMNNDBV@HI.A,20896
YCMNNDBV_R@HI.A,20897
YCMNNDCH@HI.A,20898
YCMNNDCH_R@HI.A,20899
YCMNNDFD@HI.A,20900
YCMNNDFD_R@HI.A,20901
YCMNNDLT@HI.A,20902
YCMNNDLT_R@HI.A,20903
YCMNNDPA@HI.A,20904
YCMNNDPA_R@HI.A,20905
YCMNNDPL@HI.A,20906
YCMNNDPL_R@HI.A,20907
YCMNNDPR@HI.A,20908
YCMNNDPR_R@HI.A,20909
YCMNNDPT@HI.A,20910
YCMNNDPT_R@HI.A,20911
YCMNNDXM@HI.A,20912
YCMNNDXM_R@HI.A,20913
YCMNNDXP@HI.A,20914
YCMNNDXP_R@HI.A,20915
YCMNND_R@HAW.A,20916
YCMNND_R@HI.A,20917
YCMNND_R@HON.A,20918
YCMNND_R@KAU.A,20919
YCMNND_R@MAU.A,20920
YCMNND_R@NBI.A,20921
YCMN_R@HAW.A,20922
YCMN_R@HI.A,20923
YCMN_R@HON.A,20924
YCMN_R@KAU.A,20925
YCMN_R@MAU.A,20926
YCMN_R@NBI.A,20927
YCOS@HAW.A,20928
YCOS@HI.A,20929
YCOS@HON.A,20930
YCOS@KAU.A,20931
YCOS@MAU.A,20932
YCOS@NBI.A,20933
YCOSHH@HI.A,20934
YCOSHH_R@HI.A,20935
YCOSMA@HI.A,20936
YCOSMA_R@HI.A,20937
YCOSPL@HI.A,20938
YCOSPL_R@HI.A,20939
YCOSRP@HI.A,20940
YCOSRP_R@HI.A,20941
YCOS_R@HAW.A,20942
YCOS_R@HI.A,20943
YCOS_R@HON.A,20944
YCOS_R@KAU.A,20945
YCOS_R@MAU.A,20946
YCOS_R@NBI.A,20947
YCPS@HAW.A,20948
YCPS@HI.A,20949
YCPS@HON.A,20950
YCPS@KAU.A,20951
YCPS@MAU.A,20952
YCPS@NBI.A,20953
YCPS_R@HAW.A,20954
YCPS_R@HI.A,20955
YCPS_R@HON.A,20956
YCPS_R@KAU.A,20957
YCPS_R@MAU.A,20958
YCPS_R@NBI.A,20959
YCRE@HAW.A,20960
YCRE@HI.A,20961
YCRE@HON.A,20962
YCRE@KAU.A,20963
YCRE@MAU.A,20964
YCRE@NBI.A,20965
YCRELE@HI.A,20966
YCRELE_R@HI.A,20967
YCRERE@HI.A,20968
YCRERE_R@HI.A,20969
YCRERL@HI.A,20970
YCRERL_R@HI.A,20971
YCRE_R@HAW.A,20972
YCRE_R@HI.A,20973
YCRE_R@HON.A,20974
YCRE_R@KAU.A,20975
YCRE_R@MAU.A,20976
YCRE_R@NBI.A,20977
YCRT@HAW.A,20978
YCRT@HI.A,20979
YCRT@HON.A,20980
YCRT@KAU.A,20981
YCRT@MAU.A,20982
YCRT@NBI.A,20983
YCRTBL@HI.A,20984
YCRTBL_R@HI.A,20985
YCRTCL@HI.A,20986
YCRTCL_R@HI.A,20987
YCRTEL@HI.A,20988
YCRTEL_R@HI.A,20989
YCRTFD@HI.A,20990
YCRTFD_R@HI.A,20991
YCRTFR@HI.A,20992
YCRTFR_R@HI.A,20993
YCRTGA@HI.A,20994
YCRTGA_R@HI.A,20995
YCRTGM@HI.A,20996
YCRTGM_R@HI.A,20997
YCRTHC@HI.A,20998
YCRTHC_R@HI.A,20999
YCRTMS@HI.A,21000
YCRTMS_R@HI.A,21001
YCRTMV@HI.A,21002
YCRTMV_R@HI.A,21003
YCRTOT@HI.A,21004
YCRTOT_R@HI.A,21005
YCRTSP@HI.A,21006
YCRTSP_R@HI.A,21007
YCRT_R@HAW.A,21008
YCRT_R@HI.A,21009
YCRT_R@HON.A,21010
YCRT_R@KAU.A,21011
YCRT_R@MAU.A,21012
YCRT_R@NBI.A,21013
YCTW@HI.A,21015
YCTW@HON.A,21016
YCTW@MAU.A,21018
YCTW@NBI.A,21019
YCTWCU@HI.A,21020
YCTWCU_R@HI.A,21021
YCTWSC@HI.A,21024
YCTWSC_R@HI.A,21025
YCTWSP@HI.A,21026
YCTWSP_R@HI.A,21027
YCTWTA@HI.A,21028
YCTWTA_R@HI.A,21029
YCTWTG@HI.A,21030
YCTWTG_R@HI.A,21031
YCTWTT@HI.A,21034
YCTWTT_R@HI.A,21035
YCTWTW@HI.A,21036
YCTWTW_R@HI.A,21037
YCTWWH@HI.A,21038
YCTWWH_R@HI.A,21039
YCTW_R@HI.A,21041
YCTW_R@HON.A,21042
YCTW_R@MAU.A,21044
YCTW_R@NBI.A,21045
YCUT@HAW.A,21046
YCUT@HI.A,21047
YCUT@HON.A,21048
YCUT@KAU.A,21049
YCUT@MAU.A,21050
YCUT@NBI.A,21051
YCUT_R@HAW.A,21052
YCUT_R@HI.A,21053
YCUT_R@HON.A,21054
YCUT_R@KAU.A,21055
YCUT_R@MAU.A,21056
YCUT_R@NBI.A,21057
YCWT@HAW.A,21058
YCWT@HI.A,21059
YCWT@HON.A,21060
YCWT@KAU.A,21061
YCWT@MAU.A,21062
YCWT@NBI.A,21063
YCWT_R@HAW.A,21064
YCWT_R@HI.A,21065
YCWT_R@HON.A,21066
YCWT_R@KAU.A,21067
YCWT_R@MAU.A,21068
YCWT_R@NBI.A,21069
YC_CTMI@HI.A,21071
YC_CTMI@HON.A,21072
YC_CTMI@NBI.A,21075
YC_CTMI_R@HI.A,21077
YC_CTMI_R@HON.A,21078
YC_CTMI_R@NBI.A,21081
YC_ELSE@HAW.A,21082
YC_ELSE@HI.A,21083
YC_ELSE@HON.A,21084
YC_ELSE@KAU.A,21085
YC_ELSE@MAU.A,21086
YC_ELSE@NBI.A,21087
YC_ELSE_R@HAW.A,21088
YC_ELSE_R@HI.A,21089
YC_ELSE_R@HON.A,21090
YC_ELSE_R@KAU.A,21091
YC_ELSE_R@MAU.A,21092
YC_ELSE_R@NBI.A,21093
YC_FIR@HAW.A,21094
YC_FIR@HI.A,21095
YC_FIR@HON.A,21096
YC_FIR@KAU.A,21097
YC_FIR@MAU.A,21098
YC_FIR@NBI.A,21099
YC_FIR_R@HAW.A,21100
YC_FIR_R@HI.A,21101
YC_FIR_R@HON.A,21102
YC_FIR_R@KAU.A,21103
YC_FIR_R@MAU.A,21104
YC_FIR_R@NBI.A,21105
YC_GVSL@HAW.A,21106
YC_GVSL@HI.A,21107
YC_GVSL@HON.A,21108
YC_GVSL@KAU.A,21109
YC_GVSL@MAU.A,21110
YC_GVSL@NBI.A,21111
YC_GVSL_R@HAW.A,21112
YC_GVSL_R@HI.A,21113
YC_GVSL_R@HON.A,21114
YC_GVSL_R@KAU.A,21115
YC_GVSL_R@MAU.A,21116
YC_GVSL_R@NBI.A,21117
YC_NF@HAW.A,21118
YC_NF@HI.A,21119
YC_NF@HON.A,21120
YC_NF@KAU.A,21121
YC_NF@MAU.A,21122
YC_NF@NBI.A,21123
YC_NF_R@HAW.A,21124
YC_NF_R@HI.A,21125
YC_NF_R@HON.A,21126
YC_NF_R@KAU.A,21127
YC_NF_R@MAU.A,21128
YC_NF_R@NBI.A,21129
YC_OT@HAW.A,21130
YC_OT@HI.A,21131
YC_OT@HON.A,21132
YC_OT@KAU.A,21133
YC_OT@MAU.A,21134
YC_OT@NBI.A,21135
YC_OT_R@HAW.A,21136
YC_OT_R@HI.A,21137
YC_OT_R@HON.A,21138
YC_OT_R@KAU.A,21139
YC_OT_R@MAU.A,21140
YC_OT_R@NBI.A,21141
YC_PR@HAW.A,21142
YC_PR@HI.A,21143
YC_PR@HON.A,21144
YC_PR@KAU.A,21145
YC_PR@MAU.A,21146
YC_PR@NBI.A,21147
YC_PR_R@HAW.A,21148
YC_PR_R@HI.A,21149
YC_PR_R@HON.A,21150
YC_PR_R@KAU.A,21151
YC_PR_R@MAU.A,21152
YC_PR_R@NBI.A,21153
YC_R@HAW.A,21154
YC_R@HI.A,21155
YC_R@HON.A,21156
YC_R@KAU.A,21157
YC_R@MAU.A,21158
YC_R@NBI.A,21159
YC_SV@HAW.A,21160
YC_SV@HI.A,21161
YC_SV@HON.A,21162
YC_SV@KAU.A,21163
YC_SV@MAU.A,21164
YC_SV@NBI.A,21165
YC_SV_R@HAW.A,21166
YC_SV_R@HI.A,21167
YC_SV_R@HON.A,21168
YC_SV_R@KAU.A,21169
YC_SV_R@MAU.A,21170
YC_SV_R@NBI.A,21171
YC_TRADE@HAW.A,21172
YC_TRADE@HI.A,21173
YC_TRADE@HON.A,21174
YC_TRADE@KAU.A,21175
YC_TRADE@MAU.A,21176
YC_TRADE@NBI.A,21177
YC_TRADE_R@HAW.A,21178
YC_TRADE_R@HI.A,21179
YC_TRADE_R@HON.A,21180
YC_TRADE_R@KAU.A,21181
YC_TRADE_R@MAU.A,21182
YC_TRADE_R@NBI.A,21183
YC_TTU@HI.A,21185
YC_TTU@HON.A,21186
YC_TTU@MAU.A,21188
YC_TTU@NBI.A,21189
YC_TTU_R@HI.A,21191
YC_TTU_R@HON.A,21192
YC_TTU_R@MAU.A,21194
YC_TTU_R@NBI.A,21195
YC_TU@HI.A,21197
YC_TU@HON.A,21198
YC_TU@MAU.A,21200
YC_TU@NBI.A,21201
YC_TU_R@HI.A,21203
YC_TU_R@HON.A,21204
YC_TU_R@MAU.A,21206
YC_TU_R@NBI.A,21207
YDIR&@HAW.A,21208
YDIR&@HON.A,21211
YDIR&@KAU.A,21212
YDIR&@MAU.A,21213
YDIV@HAW.A,21222
YDIV@HI.A,21223
YDIV@HON.A,21225
YDIV@KAU.A,21226
YDIV@MAU.A,21227
YDIV@NBI.A,21228
YDIV_R@HAW.A,21229
YDIV_R@HI.A,21230
YDIV_R@HON.A,21232
YDIV_R@KAU.A,21233
YDIV_R@MAU.A,21234
YDIV_R@NBI.A,21235
YL@HAW.A,21242
YL@HI.A,21243
YL@HON.A,21245
YL@KAU.A,21246
YL@MAU.A,21247
YL@NBI.A,21248
YLAD@HAW.A,21249
YLAD@HI.A,21250
YLAD@HON.A,21252
YLAD@KAU.A,21253
YLAD@MAU.A,21254
YLAD@NBI.A,21255
YLADAD@HI.A,21256
YLADAD_R@HI.A,21257
YLADWM@HI.A,21258
YLADWM_R@HI.A,21259
YLAD_R@HAW.A,21260
YLAD_R@HI.A,21261
YLAD_R@HON.A,21263
YLAD_R@KAU.A,21264
YLAD_R@MAU.A,21265
YLAD_R@NBI.A,21266
YLP&@HAW.A,21267
YLP&@HON.A,21270
YLP&@KAU.A,21271
YLP&@MAU.A,21272
YLPAGFA&@HAW.A,21281
YLPAGFA&@HON.A,21284
YLPAGFA&@KAU.A,21285
YLPAGFA&@MAU.A,21286
YLPAGFF&@HAW.A,21295
YLPAGFF&@HON.A,21298
YLPAGFF&@KAU.A,21299
YLPAGFF&@MAU.A,21300
YLPAGFFA&@HAW.A,21338
YLPAGFFA&@HI.A,21339
YLPAGFFA&@HON.A,21340
YLPAGFFA&@KAU.A,21341
YLPAGFFA&@MAU.A,21342
YLPAGFFF&@HAW.A,21350
YLPAGFFF&@HI.A,21351
YLPAGFFF&@HON.A,21352
YLPAGFFF&@KAU.A,21353
YLPAGFFF&@MAU.A,21354
YLPC&@HAW.A,21391
YLPC&@HON.A,21394
YLPC&@KAU.A,21395
YLPC&@MAU.A,21396
YLPCGB&@HAW.A,21398
YLPCGB&@HI.A,21399
YLPCGB&@HON.A,21400
YLPCGB&@KAU.A,21401
YLPCGB&@MAU.A,21402
YLPCHV&@HAW.A,21410
YLPCHV&@HI.A,21411
YLPCHV&@HON.A,21412
YLPCHV&@KAU.A,21413
YLPCHV&@MAU.A,21414
YLPCST&@HAW.A,21422
YLPCST&@HI.A,21423
YLPCST&@HON.A,21424
YLPCST&@KAU.A,21425
YLPCST&@MAU.A,21426
YLPFIR&@HAW.A,21441
YLPFIR&@HON.A,21444
YLPFIR&@KAU.A,21445
YLPFIR&@MAU.A,21446
YLPFIRCR&@HI.A,21449
YLPFIRCR&@HON.A,21450
YLPFIRCR&@MAU.A,21452
YLPFIRDP&@HAW.A,21458
YLPFIRDP&@HI.A,21459
YLPFIRDP&@HON.A,21460
YLPFIRDP&@KAU.A,21461
YLPFIRDP&@MAU.A,21462
YLPFIRHD&@HAW.A,21470
YLPFIRHD&@HI.A,21471
YLPFIRHD&@HON.A,21472
YLPFIRHD&@KAU.A,21473
YLPFIRHD&@MAU.A,21474
YLPFIRIA&@HAW.A,21482
YLPFIRIA&@HI.A,21483
YLPFIRIA&@HON.A,21484
YLPFIRIA&@KAU.A,21485
YLPFIRIA&@MAU.A,21486
YLPFIRIC&@HAW.A,21494
YLPFIRIC&@HI.A,21495
YLPFIRIC&@HON.A,21496
YLPFIRIC&@KAU.A,21497
YLPFIRIC&@MAU.A,21498
YLPFIROF&@HAW.A,21506
YLPFIROF&@HI.A,21507
YLPFIROF&@HON.A,21508
YLPFIROF&@KAU.A,21509
YLPFIROF&@MAU.A,21510
YLPFIRRE&@HAW.A,21518
YLPFIRRE&@HI.A,21519
YLPFIRRE&@HON.A,21520
YLPFIRRE&@KAU.A,21521
YLPFIRRE&@MAU.A,21522
YLPFIRSE&@HAW.A,21530
YLPFIRSE&@HI.A,21531
YLPFIRSE&@HON.A,21532
YLPFIRSE&@KAU.A,21533
YLPFIRSE&@MAU.A,21534
YLPG&@HAW.A,21549
YLPG&@HON.A,21552
YLPG&@KAU.A,21553
YLPG&@MAU.A,21554
YLPGFC&@HAW.A,21556
YLPGFC&@HON.A,21559
YLPGFC&@KAU.A,21560
YLPGFC&@MAU.A,21561
YLPGFM&@HAW.A,21570
YLPGFM&@HON.A,21573
YLPGFM&@KAU.A,21574
YLPGFM&@MAU.A,21575
YLPGL&@HAW.A,21584
YLPGL&@HON.A,21586
YLPGL&@KAU.A,21587
YLPGL&@MAU.A,21588
YLPGSL&@HAW.A,21596
YLPGSL&@HON.A,21599
YLPGSL&@KAU.A,21600
YLPGSL&@MAU.A,21601
YLPGST&@HAW.A,21610
YLPGST&@HON.A,21612
YLPGST&@KAU.A,21613
YLPGST&@MAU.A,21614
YLPM&@HAW.A,21629
YLPM&@HON.A,21632
YLPM&@KAU.A,21633
YLPM&@MAU.A,21634
YLPMD&@HAW.A,21636
YLPMD&@HON.A,21639
YLPMD&@KAU.A,21640
YLPMD&@MAU.A,21641
YLPMDEL&@HAW.A,21643
YLPMDEL&@HI.A,21644
YLPMDEL&@HON.A,21645
YLPMDFB&@HAW.A,21655
YLPMDFB&@HI.A,21656
YLPMDFB&@HON.A,21657
YLPMDFB&@KAU.A,21658
YLPMDFB&@MAU.A,21659
YLPMDFR&@HAW.A,21667
YLPMDFR&@HI.A,21668
YLPMDFR&@HON.A,21669
YLPMDFR&@KAU.A,21670
YLPMDFR&@MAU.A,21671
YLPMDIS&@HAW.A,21679
YLPMDIS&@HI.A,21680
YLPMDIS&@HON.A,21681
YLPMDMC&@HAW.A,21691
YLPMDMC&@HI.A,21692
YLPMDMC&@HON.A,21693
YLPMDMS&@HAW.A,21703
YLPMDMS&@HI.A,21704
YLPMDMS&@HON.A,21705
YLPMDMS&@KAU.A,21706
YLPMDMS&@MAU.A,21707
YLPMDMV&@HAW.A,21715
YLPMDMV&@HI.A,21716
YLPMDMV&@HON.A,21717
YLPMDPM&@HAW.A,21739
YLPMDPM&@HI.A,21740
YLPMDPM&@HON.A,21741
YLPMDPM&@MAU.A,21743
YLPMDST&@HAW.A,21751
YLPMDST&@HI.A,21752
YLPMDST&@HON.A,21753
YLPMDST&@KAU.A,21754
YLPMDST&@MAU.A,21755
YLPMDTR&@HAW.A,21763
YLPMDTR&@HI.A,21764
YLPMDTR&@HON.A,21765
YLPMDTR&@KAU.A,21766
YLPMDWD&@HAW.A,21775
YLPMDWD&@HI.A,21776
YLPMDWD&@HON.A,21777
YLPMDWD&@KAU.A,21778
YLPMDWD&@MAU.A,21779
YLPMI&@HAW.A,21794
YLPMI&@HON.A,21797
YLPMI&@KAU.A,21798
YLPMI&@MAU.A,21799
YLPMICO&@HI.A,21802
YLPMICO&@HON.A,21803
YLPMIMT&@HON.A,21815
YLPMINM&@HAW.A,21825
YLPMINM&@HI.A,21826
YLPMINM&@HON.A,21827
YLPMIOL&@HAW.A,21836
YLPMIOL&@HI.A,21837
YLPMIOL&@HON.A,21838
YLPMIOL&@MAU.A,21840
YLPMN&@HAW.A,21855
YLPMN&@HON.A,21858
YLPMN&@KAU.A,21859
YLPMN&@MAU.A,21860
YLPMNAP&@HAW.A,21862
YLPMNAP&@HI.A,21863
YLPMNAP&@HON.A,21864
YLPMNAP&@KAU.A,21865
YLPMNAP&@MAU.A,21866
YLPMNCH&@HAW.A,21874
YLPMNCH&@HI.A,21875
YLPMNCH&@HON.A,21876
YLPMNCH&@MAU.A,21878
YLPMNFD&@HAW.A,21885
YLPMNFD&@HI.A,21886
YLPMNFD&@HON.A,21887
YLPMNFD&@KAU.A,21888
YLPMNFD&@MAU.A,21889
YLPMNLT&@HI.A,21898
YLPMNLT&@HON.A,21899
YLPMNPA&@HI.A,21910
YLPMNPA&@HON.A,21911
YLPMNPR&@HAW.A,21921
YLPMNPR&@HI.A,21922
YLPMNPR&@HON.A,21923
YLPMNPR&@KAU.A,21924
YLPMNPR&@MAU.A,21925
YLPMNPT&@HAW.A,21933
YLPMNPT&@HI.A,21934
YLPMNPT&@HON.A,21935
YLPMNRB&@HAW.A,21945
YLPMNRB&@HI.A,21946
YLPMNRB&@HON.A,21947
YLPMNTB&@HI.A,21958
YLPMNTB&@HON.A,21959
YLPMNXM&@HI.A,21970
YLPMNXM&@HON.A,21971
YLPMNXM&@MAU.A,21973
YLPR&@HAW.A,21995
YLPR&@HON.A,21998
YLPR&@KAU.A,21999
YLPR&@MAU.A,22000
YLPRCM&@HAW.A,22002
YLPRCM&@HI.A,22003
YLPRCM&@HON.A,22004
YLPRCM&@KAU.A,22005
YLPRCM&@MAU.A,22006
YLPRLT&@HAW.A,22014
YLPRLT&@HI.A,22015
YLPRLT&@HON.A,22016
YLPRLT&@KAU.A,22017
YLPRLT&@MAU.A,22018
YLPROT&@HAW.A,22026
YLPROT&@HI.A,22027
YLPROT&@HON.A,22028
YLPROT&@KAU.A,22029
YLPROT&@MAU.A,22030
YLPRSV&@HAW.A,22050
YLPRSV&@HI.A,22051
YLPRSV&@HON.A,22052
YLPRSV&@KAU.A,22053
YLPRSV&@MAU.A,22054
YLPRTA&@HAW.A,22062
YLPRTA&@HI.A,22063
YLPRTA&@HON.A,22064
YLPRTA&@KAU.A,22065
YLPRTA&@MAU.A,22066
YLPRTR&@HI.A,22075
YLPRTR&@HON.A,22076
YLPRTT&@HAW.A,22086
YLPRTT&@HI.A,22087
YLPRTT&@HON.A,22088
YLPRTT&@KAU.A,22089
YLPRTT&@MAU.A,22090
YLPRTW&@HAW.A,22098
YLPRTW&@HI.A,22099
YLPRTW&@HON.A,22100
YLPRTW&@KAU.A,22101
YLPRTW&@MAU.A,22102
YLPRUT&@HAW.A,22110
YLPRUT&@HI.A,22111
YLPRUT&@HON.A,22112
YLPRUT&@KAU.A,22113
YLPRUT&@MAU.A,22114
YLPS@HAW.A,22129
YLPS@HI.A,22130
YLPS@HON.A,22132
YLPS@KAU.A,22133
YLPS@MAU.A,22134
YLPS@NBI.A,22135
YLPSV&@HAW.A,22136
YLPSV&@HON.A,22139
YLPSV&@KAU.A,22140
YLPSV&@MAU.A,22141
YLPSVAM&@HAW.A,22143
YLPSVAM&@HI.A,22144
YLPSVAM&@HON.A,22145
YLPSVAM&@KAU.A,22146
YLPSVAM&@MAU.A,22147
YLPSVAU&@HAW.A,22155
YLPSVAU&@HI.A,22156
YLPSVAU&@HON.A,22157
YLPSVAU&@KAU.A,22158
YLPSVAU&@MAU.A,22159
YLPSVBS&@HAW.A,22167
YLPSVBS&@HI.A,22168
YLPSVBS&@HON.A,22169
YLPSVBS&@KAU.A,22170
YLPSVBS&@MAU.A,22171
YLPSVED&@HAW.A,22179
YLPSVED&@HI.A,22180
YLPSVED&@HON.A,22181
YLPSVED&@KAU.A,22182
YLPSVED&@MAU.A,22183
YLPSVEN&@HAW.A,22191
YLPSVEN&@HI.A,22192
YLPSVEN&@HON.A,22193
YLPSVEN&@KAU.A,22194
YLPSVEN&@MAU.A,22195
YLPSVHE&@HAW.A,22203
YLPSVHE&@HI.A,22204
YLPSVHE&@HON.A,22205
YLPSVHE&@KAU.A,22206
YLPSVHE&@MAU.A,22207
YLPSVHL&@HAW.A,22215
YLPSVHL&@HI.A,22216
YLPSVHL&@HON.A,22217
YLPSVHL&@KAU.A,22218
YLPSVHL&@MAU.A,22219
YLPSVLG&@HAW.A,22227
YLPSVLG&@HI.A,22228
YLPSVLG&@HON.A,22229
YLPSVLG&@KAU.A,22230
YLPSVLG&@MAU.A,22231
YLPSVMB&@HAW.A,22239
YLPSVMB&@HI.A,22240
YLPSVMB&@HON.A,22241
YLPSVMB&@KAU.A,22242
YLPSVMB&@MAU.A,22243
YLPSVMO&@HAW.A,22251
YLPSVMO&@HI.A,22252
YLPSVMO&@HON.A,22253
YLPSVMO&@KAU.A,22254
YLPSVMO&@MAU.A,22255
YLPSVMR&@HAW.A,22263
YLPSVMR&@HI.A,22264
YLPSVMR&@HON.A,22265
YLPSVMR&@KAU.A,22266
YLPSVMR&@MAU.A,22267
YLPSVMS&@HAW.A,22275
YLPSVMS&@HI.A,22276
YLPSVMS&@HON.A,22277
YLPSVMS&@KAU.A,22278
YLPSVMS&@MAU.A,22279
YLPSVMU&@HAW.A,22287
YLPSVMU&@HI.A,22288
YLPSVMU&@HON.A,22289
YLPSVMU&@KAU.A,22290
YLPSVMU&@MAU.A,22291
YLPSVPH&@HAW.A,22299
YLPSVPH&@HI.A,22300
YLPSVPH&@HON.A,22301
YLPSVPH&@KAU.A,22302
YLPSVPH&@MAU.A,22303
YLPSVPS&@HAW.A,22311
YLPSVPS&@HI.A,22312
YLPSVPS&@HON.A,22313
YLPSVPS&@KAU.A,22314
YLPSVPS&@MAU.A,22315
YLPSVSO&@HAW.A,22323
YLPSVSO&@HI.A,22324
YLPSVSO&@HON.A,22325
YLPSVSO&@KAU.A,22326
YLPSVSO&@MAU.A,22327
YLPS_R@HAW.A,22342
YLPS_R@HI.A,22343
YLPS_R@HON.A,22345
YLPS_R@KAU.A,22346
YLPS_R@MAU.A,22347
YLPS_R@NBI.A,22348
YLPTR&@HAW.A,22349
YLPTR&@HON.A,22352
YLPTR&@KAU.A,22353
YLPTR&@MAU.A,22354
YLPTRAP&@HAW.A,22356
YLPTRAP&@HI.A,22357
YLPTRAP&@HON.A,22358
YLPTRAP&@KAU.A,22359
YLPTRAP&@MAU.A,22360
YLPTRAT&@HAW.A,22368
YLPTRAT&@HI.A,22369
YLPTRAT&@HON.A,22370
YLPTRAT&@KAU.A,22371
YLPTRAT&@MAU.A,22372
YLPTRBL&@HAW.A,22380
YLPTRBL&@HI.A,22381
YLPTRBL&@HON.A,22382
YLPTRBL&@KAU.A,22383
YLPTRBL&@MAU.A,22384
YLPTRET&@HAW.A,22392
YLPTRET&@HI.A,22393
YLPTRET&@HON.A,22394
YLPTRET&@KAU.A,22395
YLPTRET&@MAU.A,22396
YLPTRFD&@HAW.A,22404
YLPTRFD&@HI.A,22405
YLPTRFD&@HON.A,22406
YLPTRFD&@KAU.A,22407
YLPTRFD&@MAU.A,22408
YLPTRFR&@HAW.A,22416
YLPTRFR&@HI.A,22417
YLPTRFR&@HON.A,22418
YLPTRFR&@KAU.A,22419
YLPTRFR&@MAU.A,22420
YLPTRGM&@HAW.A,22428
YLPTRGM&@HI.A,22429
YLPTRGM&@HON.A,22430
YLPTRGM&@KAU.A,22431
YLPTRGM&@MAU.A,22432
YLPTROT&@HAW.A,22440
YLPTROT&@HI.A,22441
YLPTROT&@HON.A,22442
YLPTROT&@KAU.A,22443
YLPTROT&@MAU.A,22444
YLPTW&@HAW.A,22459
YLPTW&@HON.A,22462
YLPTW&@KAU.A,22463
YLPTW&@MAU.A,22464
YLRE@HAW.A,22480
YLRE@HI.A,22481
YLRE@HON.A,22483
YLRE@KAU.A,22484
YLRE@MAU.A,22485
YLRE@NBI.A,22486
YLRELE@HI.A,22487
YLRELE_R@HI.A,22488
YLRERE@HI.A,22489
YLRERE_R@HI.A,22490
YLRERL@HI.A,22491
YLRERL_R@HI.A,22492
YLRE_R@HAW.A,22493
YLRE_R@HI.A,22494
YLRE_R@HON.A,22496
YLRE_R@KAU.A,22497
YLRE_R@MAU.A,22498
YLRE_R@NBI.A,22499
YLRT@HAW.A,22500
YLRT@HI.A,22501
YLRT@HON.A,22503
YLRT@KAU.A,22504
YLRT@MAU.A,22505
YLRT@NBI.A,22506
YLRTBL@HI.A,22507
YLRTBL_R@HI.A,22508
YLRTCL@HI.A,22509
YLRTCL_R@HI.A,22510
YLRTEL@HI.A,22511
YLRTEL_R@HI.A,22512
YLRTFD@HI.A,22513
YLRTFD_R@HI.A,22514
YLRTFR@HI.A,22515
YLRTFR_R@HI.A,22516
YLRTGA@HI.A,22517
YLRTGA_R@HI.A,22518
YLRTGM@HI.A,22519
YLRTGM_R@HI.A,22520
YLRTHC@HI.A,22521
YLRTHC_R@HI.A,22522
YLRTMS@HI.A,22523
YLRTMS_R@HI.A,22524
YLRTMV@HI.A,22525
YLRTMV_R@HI.A,22526
YLRTOT@HI.A,22527
YLRTOT_R@HI.A,22528
YLRTSP@HI.A,22529
YLRTSP_R@HI.A,22530
YLRT_R@HAW.A,22531
YLRT_R@HI.A,22532
YLRT_R@HON.A,22534
YLRT_R@KAU.A,22535
YLRT_R@MAU.A,22536
YLRT_R@NBI.A,22537
YLTW@HI.A,22539
YLTW@HON.A,22541
YLTW@MAU.A,22543
YLTW@NBI.A,22544
YLTWCU@HI.A,22545
YLTWCU_R@HI.A,22546
YLTWSC@HI.A,22549
YLTWSC_R@HI.A,22550
YLTWSP@HI.A,22551
YLTWSP_R@HI.A,22552
YLTWTA@HI.A,22553
YLTWTA_R@HI.A,22554
YLTWTG@HI.A,22555
YLTWTG_R@HI.A,22556
YLTWTT@HI.A,22559
YLTWTT_R@HI.A,22560
YLTWTW@HI.A,22561
YLTWTW_R@HI.A,22562
YLTWWH@HI.A,22563
YLTWWH_R@HI.A,22564
YLTW_R@HI.A,22566
YLTW_R@HON.A,22568
YLTW_R@MAU.A,22570
YLTW_R@NBI.A,22571
YLUT@HAW.A,22572
YLUT@HI.A,22573
YLUT@HON.A,22575
YLUT@KAU.A,22576
YLUT@MAU.A,22577
YLUT@NBI.A,22578
YLUT_R@HAW.A,22579
YLUT_R@HI.A,22580
YLUT_R@HON.A,22582
YLUT_R@KAU.A,22583
YLUT_R@MAU.A,22584
YLUT_R@NBI.A,22585
YLWT@HAW.A,22586
YLWT@HI.A,22587
YLWT@HON.A,22589
YLWT@KAU.A,22590
YLWT@MAU.A,22591
YLWT@NBI.A,22592
YLWT_R@HAW.A,22593
YLWT_R@HI.A,22594
YLWT_R@HON.A,22596
YLWT_R@KAU.A,22597
YLWT_R@MAU.A,22598
YLWT_R@NBI.A,22599
YL_GVSL@HAW.A,22600
YL_GVSL@HI.A,22601
YL_GVSL@HON.A,22603
YL_GVSL@KAU.A,22604
YL_GVSL@MAU.A,22605
YL_GVSL@NBI.A,22606
YL_GVSL_R@HAW.A,22607
YL_GVSL_R@HI.A,22608
YL_GVSL_R@HON.A,22610
YL_GVSL_R@KAU.A,22611
YL_GVSL_R@MAU.A,22612
YL_GVSL_R@NBI.A,22613
YL_NF&@HAW.A,22614
YL_NF&@HON.A,22617
YL_NF&@KAU.A,22618
YL_NF&@MAU.A,22619
YL_NF@HAW.A,22621
YL_NF@HI.A,22622
YL_NF@HON.A,22624
YL_NF@KAU.A,22625
YL_NF@MAU.A,22626
YL_NF@NBI.A,22627
YL_NF_R@HAW.A,22635
YL_NF_R@HI.A,22636
YL_NF_R@HON.A,22638
YL_NF_R@KAU.A,22639
YL_NF_R@MAU.A,22640
YL_NF_R@NBI.A,22641
YL_OT@HI.A,22642
YL_OT@HON.A,22643
YL_OT@NBI.A,22644
YL_OT_R@HI.A,22645
YL_OT_R@HON.A,22646
YL_OT_R@NBI.A,22647
YL_PR&@HAW.A,22648
YL_PR&@HON.A,22651
YL_PR&@KAU.A,22652
YL_PR&@MAU.A,22653
YL_PR@HAW.A,22655
YL_PR@HI.A,22656
YL_PR@HON.A,22658
YL_PR@KAU.A,22659
YL_PR@MAU.A,22660
YL_PR@NBI.A,22661
YL_PR_R@HAW.A,22669
YL_PR_R@HI.A,22670
YL_PR_R@HON.A,22672
YL_PR_R@KAU.A,22673
YL_PR_R@MAU.A,22674
YL_PR_R@NBI.A,22675
YL_R@HAW.A,22676
YL_R@HI.A,22677
YL_R@HON.A,22679
YL_R@KAU.A,22680
YL_R@MAU.A,22681
YL_R@NBI.A,22682
YL_TR@HAW.A,22683
YL_TR@HI.A,22684
YL_TR@HON.A,22685
YL_TR@KAU.A,22686
YL_TR@MAU.A,22687
YL_TR@NBI.A,22688
YL_TRADE@HAW.A,22689
YL_TRADE@HI.A,22690
YL_TRADE@HON.A,22692
YL_TRADE@KAU.A,22693
YL_TRADE@MAU.A,22694
YL_TRADE@NBI.A,22695
YL_TRADE_R@HAW.A,22696
YL_TRADE_R@HI.A,22697
YL_TRADE_R@HON.A,22699
YL_TRADE_R@KAU.A,22700
YL_TRADE_R@MAU.A,22701
YL_TRADE_R@NBI.A,22702
YL_TR_R@HI.A,22703
YL_TR_R@HON.A,22704
YL_TR_R@MAU.A,22705
YL_TR_R@NBI.A,22706
YL_TTU@HI.A,22708
YL_TTU@HON.A,22710
YL_TTU@MAU.A,22712
YL_TTU@NBI.A,22713
YL_TTU_R@HI.A,22715
YL_TTU_R@HON.A,22717
YL_TTU_R@MAU.A,22719
YL_TTU_R@NBI.A,22720
YL_TU@HI.A,22722
YL_TU@HON.A,22724
YL_TU@MAU.A,22726
YL_TU@NBI.A,22727
YL_TU_R@HI.A,22729
YL_TU_R@HON.A,22731
YL_TU_R@MAU.A,22733
YL_TU_R@NBI.A,22734
YMED@HAW.A,14881
YMED@HI.A,14708
YMED@HON.A,12100
YMED@KAU.A,14903
YMED@MAU.A,14909
YNETR&@HAW.A,22735
YNETR&@HON.A,22738
YNETR&@KAU.A,22739
YNETR&@MAU.A,22740
YNETR@HAW.A,22742
YNETR@HI.A,22743
YNETR@HON.A,22745
YNETR@KAU.A,22746
YNETR@MAU.A,22747
YNETR@NBI.A,22748
YNETR_R@HAW.A,22756
YNETR_R@HI.A,22757
YNETR_R@HON.A,22759
YNETR_R@KAU.A,22760
YNETR_R@MAU.A,22761
YNETR_R@NBI.A,22762
YOTLAB&@HAW.A,22763
YOTLAB&@HON.A,22766
YOTLAB&@KAU.A,22767
YOTLAB&@MAU.A,22768
YOTLAB@HAW.A,20514
YOTLAB@HI.A,20517
YOTLAB@HON.A,20520
YOTLAB@KAU.A,20523
YOTLAB@MAU.A,20526
YOTLAB@NBI.A,22771
YOTLABPEN@HAW.A,22772
YOTLABPEN@HI.A,22773
YOTLABPEN@HON.A,22775
YOTLABPEN@KAU.A,22776
YOTLABPEN@MAU.A,22777
YOTLABPEN@NBI.A,22778
YOTLABPEN_R@HAW.A,22779
YOTLABPEN_R@HI.A,22780
YOTLABPEN_R@HON.A,22782
YOTLABPEN_R@KAU.A,22783
YOTLABPEN_R@MAU.A,22784
YOTLABPEN_R@NBI.A,22785
YOTLABSS@HAW.A,22786
YOTLABSS@HI.A,22787
YOTLABSS@HON.A,22789
YOTLABSS@KAU.A,22790
YOTLABSS@MAU.A,22791
YOTLABSS@NBI.A,22792
YOTLABSS_R@HAW.A,22793
YOTLABSS_R@HI.A,22794
YOTLABSS_R@HON.A,22796
YOTLABSS_R@KAU.A,22797
YOTLABSS_R@MAU.A,22798
YOTLABSS_R@NBI.A,22799
YOTLAB_R@HAW.A,22807
YOTLAB_R@HI.A,22808
YOTLAB_R@HON.A,22810
YOTLAB_R@KAU.A,22811
YOTLAB_R@MAU.A,22812
YOTLAB_R@NBI.A,22813
YP&@HAW.A,22814
YP&@HON.A,22817
YP&@KAU.A,22818
YP&@MAU.A,22819
YPC@HAW.A,22821
YPC@HI.A,14710
YPC@HON.A,14700
YPC@KAU.A,22822
YPC@MAU.A,22823
YPC@NBI.A,22824
YPCBEA&@HAW.A,22827
YPCBEA&@HON.A,22829
YPCBEA&@KAU.A,22830
YPCBEA&@MAU.A,22831
YPCBEA@HAW.A,22833
YPCBEA@HI.A,22834
YPCBEA@HON.A,22835
YPCBEA@KAU.A,22836
YPCBEA@MAU.A,22837
YPCBEA@NBI.A,22838
YPCBEA_R@HAW.A,22845
YPCBEA_R@HI.A,22846
YPCBEA_R@HON.A,22847
YPCBEA_R@KAU.A,22848
YPCBEA_R@MAU.A,22849
YPCBEA_R@NBI.A,22850
YPC_R@HAW.A,22861
YPC_R@HI.A,22862
YPC_R@HON.A,22864
YPC_R@KAU.A,22865
YPC_R@MAU.A,22866
YPC_R@NBI.A,22867
YPROP&@HAW.A,22896
YPROP&@HON.A,22899
YPROP&@KAU.A,22900
YPROP&@MAU.A,22901
YPROP@HAW.A,22903
YPROP@HI.A,22904
YPROP@HON.A,22906
YPROP@KAU.A,22907
YPROP@MAU.A,22908
YPROP@NBI.A,22909
YPROPFA&@HAW.A,22910
YPROPFA&@HON.A,22913
YPROPFA&@KAU.A,22914
YPROPFA&@MAU.A,22915
YPROPFA@HAW.A,22917
YPROPFA@HI.A,22918
YPROPFA@HON.A,22920
YPROPFA@KAU.A,22921
YPROPFA@MAU.A,22922
YPROPFA@NBI.A,22923
YPROPFA_R@HAW.A,22931
YPROPFA_R@HI.A,22932
YPROPFA_R@HON.A,22934
YPROPFA_R@KAU.A,22935
YPROPFA_R@MAU.A,22936
YPROPFA_R@NBI.A,22937
YPROPNF&@HAW.A,22938
YPROPNF&@HON.A,22941
YPROPNF&@KAU.A,22942
YPROPNF&@MAU.A,22943
YPROPNF@HAW.A,22945
YPROPNF@HI.A,22946
YPROPNF@HON.A,22948
YPROPNF@KAU.A,22949
YPROPNF@MAU.A,22950
YPROPNF@NBI.A,22951
YPROPNF_R@HAW.A,22959
YPROPNF_R@HI.A,22960
YPROPNF_R@HON.A,22962
YPROPNF_R@KAU.A,22963
YPROPNF_R@MAU.A,22964
YPROPNF_R@NBI.A,22965
YPROP_R@HAW.A,22973
YPROP_R@HI.A,22974
YPROP_R@HON.A,22976
YPROP_R@KAU.A,22977
YPROP_R@MAU.A,22978
YPROP_R@NBI.A,22979
YRESADJ&@HAW.A,22987
YRESADJ&@HON.A,22990
YRESADJ&@KAU.A,22991
YRESADJ&@MAU.A,22992
YRESADJ@HAW.A,22994
YRESADJ@HON.A,22997
YRESADJ@KAU.A,22998
YRESADJ@MAU.A,22999
YRESADJ@NBI.A,23000
YRESADJ_R@HAW.A,23008
YRESADJ_R@HON.A,23011
YRESADJ_R@KAU.A,23012
YRESADJ_R@MAU.A,23013
YRESADJ_R@NBI.A,23014
YSOCSEC@HAW.A,23017
YSOCSEC@HI.A,23018
YSOCSEC@HON.A,23020
YSOCSEC@KAU.A,23021
YSOCSEC@MAU.A,23022
YSOCSEC@NBI.A,23023
YSOCSECEM@HAW.A,23024
YSOCSECEM@HI.A,23025
YSOCSECEM@HON.A,23027
YSOCSECEM@KAU.A,23028
YSOCSECEM@MAU.A,23029
YSOCSECEM@NBI.A,23030
YSOCSECEM_R@HAW.A,23031
YSOCSECEM_R@HI.A,23032
YSOCSECEM_R@HON.A,23034
YSOCSECEM_R@KAU.A,23035
YSOCSECEM_R@MAU.A,23036
YSOCSECEM_R@NBI.A,23037
YSOCSECPR@HAW.A,23038
YSOCSECPR@HI.A,23039
YSOCSECPR@HON.A,23041
YSOCSECPR@KAU.A,23042
YSOCSECPR@MAU.A,23043
YSOCSECPR@NBI.A,23044
YSOCSECPR_R@HAW.A,23045
YSOCSECPR_R@HI.A,23046
YSOCSECPR_R@HON.A,23048
YSOCSECPR_R@KAU.A,23049
YSOCSECPR_R@MAU.A,23050
YSOCSECPR_R@NBI.A,23051
YSOCSEC_R@HAW.A,23052
YSOCSEC_R@HI.A,23053
YSOCSEC_R@HON.A,23055
YSOCSEC_R@KAU.A,23056
YSOCSEC_R@MAU.A,23057
YSOCSEC_R@NBI.A,23058
YTRNSF@HAW.A,23063
YTRNSF@HI.A,23064
YTRNSF@HON.A,23066
YTRNSF@KAU.A,23067
YTRNSF@MAU.A,23068
YTRNSF@NBI.A,23069
YTRNSF_R@HAW.A,23074
YTRNSF_R@HI.A,23075
YTRNSF_R@HON.A,23077
YTRNSF_R@KAU.A,23078
YTRNSF_R@MAU.A,23079
YTRNSF_R@NBI.A,23080
YTWPER&@HAW.A,23081
YTWPER&@HON.A,23084
YTWPER&@KAU.A,23085
YTWPER&@MAU.A,23086
YV&@HAW.A,23095
YV&@HON.A,23098
YV&@KAU.A,23099
YV&@MAU.A,23100
YWAGE&@HAW.A,23109
YWAGE&@HON.A,23112
YWAGE&@KAU.A,23113
YWAGE&@MAU.A,23114
YWAGE@HAW.A,20513
YWAGE@HI.A,20516
YWAGE@HON.A,20519
YWAGE@KAU.A,20522
YWAGE@MAU.A,20525
YWAGE_R@HAW.A,23124
YWAGE_R@HI.A,23125
YWAGE_R@HON.A,23127
YWAGE_R@KAU.A,23128
YWAGE_R@MAU.A,23129
Y_R@HAW.A,23133
Y_R@HI.A,23134
Y_R@HON.A,23136
Y_R@KAU.A,23137
Y_R@MAU.A,23138
Y_R@NBI.A,23139
